"STATION","NAME","LATITUDE","LONGITUDE","ELEVATION","DATE","AWND","AWND_ATTRIBUTES","PGTM","PGTM_ATTRIBUTES","PRCP","PRCP_ATTRIBUTES","SNOW","SNOW_ATTRIBUTES","SNWD","SNWD_ATTRIBUTES","TAVG","TAVG_ATTRIBUTES","TMAX","TMAX_ATTRIBUTES","TMIN","TMIN_ATTRIBUTES","WDF2","WDF2_ATTRIBUTES","WDF5","WDF5_ATTRIBUTES","WSF2","WSF2_ATTRIBUTES","WSF5","WSF5_ATTRIBUTES","WT01","WT01_ATTRIBUTES","WT02","WT02_ATTRIBUTES","WT03","WT03_ATTRIBUTES","WT05","WT05_ATTRIBUTES","WT08","WT08_ATTRIBUTES"
"USW00024233","SEATTLE TACOMA AIRPORT, WA US","47.44467","-122.31442","112.5","2022-01-01","8.05",",,W",,,"0.00",",,W,2400","0.0",",,W","3.1",",,W","25","H,,S","34",",,W","22",",,W","  150",",,W","  140",",,W","12.1",",,W","16.1",",,W",,,,,,,,,,
"USW00024233","SEATTLE TACOMA AIRPORT, WA US","47.44467","-122.31442","112.5","2022-01-02","8.50",",,W",,,"0.79",",,W,2400","0.0",",,W","3.1",",,W","34","H,,S","43",",,W","30",",,W","  140",",,W","  140",",,W","19.9",",,W","25.1",",,W","    1",",,W",,,,,,,"    1",",,W"
"USW00024233","SEATTLE TACOMA AIRPORT, WA US","47.44467","-122.31442","112.5","2022-01-03","11.41",",,W",,,"0.49",",,W,2400","0.0","T,,W","0.0",",,W","38","H,,S","41",",,W","33",",,W","  190",",,W","  190",",,W","25.9",",,W","38.0",",,W","    1",",,W",,,,,,,,
"USW00024233","SEATTLE TACOMA AIRPORT, WA US","47.44467","-122.31442","112.5","2022-01-04","9.62",",,W",,,"0.22",",,W,2400","0.0",",,W","0.0",",,W","36","H,,S","42",",,W","35",",,W","  200",",,W","  180",",,W","21.9",",,W","34.0",",,W","    1",",,W",,,,,,,,
"USW00024233","SEATTLE TACOMA AIRPORT, WA US","47.44467","-122.31442","112.5","2022-01-05","4.92",",,W",,,"0.33",",,W,2400","0.0","T,,W","0.0",",,W","38","H,,S","39",",,W","34",",,W","   50",",,W","   30",",,W","10.1",",,W","17.0",",,W","    1",",,W",,,,,,,,
"USW00024233","SEATTLE TACOMA AIRPORT, WA US","47.44467","-122.31442","112.5","2022-01-06","14.32",",,W",,,"2.00",",,W,2400","0.0",",,W","0.0",",,W","41","H,,S","50",",,W","36",",,W","  180",",,W","  180",",,W","23.9",",,W","40.9",",,W","    1",",,W",,,,,,,,
"USW00024233","SEATTLE TACOMA AIRPORT, WA US","47.44467","-122.31442","112.5","2022-01-07","14.76",",,W",,,"0.38",",,W,2400","0.0",",,W","0.0",",,W","47","H,,S","48",",,W","38",",,W","  220",",,W","  220",",,W","30.0",",,W","45.0",",,W","    1",",,W",,,,,,,,
"USW00024233","SEATTLE TACOMA AIRPORT, WA US","47.44467","-122.31442","112.5","2022-01-08","8.95",",,W",,,"0.00",",,W,2400","0.0",",,W","0.0",",,W","39","H,,S","45",",,W","37",",,W","  210",",,W","  210",",,W","17.0",",,W","23.0",",,W",,,,,,,,,,
"USW00024233","SEATTLE TACOMA AIRPORT, WA US","47.44467","-122.31442","112.5","2022-01-09","5.37",",,W",,,"0.00",",,W,2400","0.0",",,W","0.0",",,W","40","H,,S","50",",,W","32",",,W","  110",",,W","  100",",,W","15.0",",,W","19.9",",,W",,,,,,,,,,
"USW00024233","SEATTLE TACOMA AIRPORT, WA US","47.44467","-122.31442","112.5","2022-01-10","5.82",",,W",,,"0.27",",,W,2400","0.0",",,W","0.0",",,W","42","H,,S","48",",,W","33",",,W","  140",",,W","  120",",,W","15.0",",,W","19.9",",,W","    1",",,W",,,,,,,,
"USW00024233","SEATTLE TACOMA AIRPORT, WA US","47.44467","-122.31442","112.5","2022-01-11","8.50",",,W",,,"1.70",",,W,2400","0.0",",,W","0.0",",,W","48","H,,S","53",",,W","45",",,W","  150",",,W","  150",",,W","15.0",",,W","19.0",",,W","    1",",,W",,,,,,,,
"USW00024233","SEATTLE TACOMA AIRPORT, WA US","47.44467","-122.31442","112.5","2022-01-12","5.82",",,W",,,"0.14",",,W,2400","0.0",",,W","0.0",",,W","52","H,,S","56",",,W","43",",,W","  110",",,W","  120",",,W","13.0",",,W","21.0",",,W","    1",",,W",,,,,,,,
"USW00024233","SEATTLE TACOMA AIRPORT, WA US","47.44467","-122.31442","112.5","2022-01-13","5.14",",,W",,,"0.24",",,W,2400","0.0",",,W","0.0",",,W","49","H,,S","54",",,W","41",",,W","  220",",,W","  210",",,W","15.0",",,W","19.0",",,W","    1",",,W",,,,,,,,
"USW00024233","SEATTLE TACOMA AIRPORT, WA US","47.44467","-122.31442","112.5","2022-01-14","2.91",",,W",,,"0.00",",,W,2400","0.0",",,W","0.0",",,W","45","H,,S","50",",,W","39",",,W","  130",",,W","  120",",,W","10.1",",,W","14.1",",,W","    1",",,W","    1",",,W",,,,,,
"USW00024233","SEATTLE TACOMA AIRPORT, WA US","47.44467","-122.31442","112.5","2022-01-15","3.13",",,W",,,"0.00",",,W,2400","0.0",",,W","0.0",",,W","42","H,,S","43",",,W","38",",,W","   20",",,W","   20",",,W","10.1",",,W","14.1",",,W","    1",",,W","    1",",,W",,,,,,
"USW00024233","SEATTLE TACOMA AIRPORT, WA US","47.44467","-122.31442","112.5","2022-01-16","3.36",",,W",,,"0.00",",,W,2400","0.0",",,W","0.0",",,W","40","H,,S","42",",,W","38",",,W","   30",",,W","   20",",,W","8.9",",,W","11.0",",,W","    1",",,W","    1",",,W",,,,,,
"USW00024233","SEATTLE TACOMA AIRPORT, WA US","47.44467","-122.31442","112.5","2022-01-17","6.26",",,W",,,"0.02",",,W,2400","0.0",",,W","0.0",",,W","40","H,,S","48",",,W","39",",,W","  180",",,W","  190",",,W","14.1",",,W","19.0",",,W","    1",",,W","    1",",,W",,,,,,
"USW00024233","SEATTLE TACOMA AIRPORT, WA US","47.44467","-122.31442","112.5","2022-01-18","7.61",",,W",,,"0.03",",,W,2400","0.0",",,W","0.0",",,W","46","H,,S","47",",,W","45",",,W","  200",",,W","  200",",,W","17.0",",,W","21.9",",,W","    1",",,W",,,,,,,"    1",",,W"
"USW00024233","SEATTLE TACOMA AIRPORT, WA US","47.44467","-122.31442","112.5","2022-01-19","4.03",",,W",,,"0.01",",,W,2400","0.0",",,W","0.0",",,W","45","H,,S","50",",,W","42",",,W","  150",",,W","  150",",,W","10.1",",,W","13.0",",,W","    1",",,W",,,,,,,,
"USW00024233","SEATTLE TACOMA AIRPORT, WA US","47.44467","-122.31442","112.5","2022-01-20","13.20",",,W",,,"0.16",",,W,2400","0.0",",,W","0.0",",,W","49","H,,S","52",",,W","40",",,W","  220",",,W","  200",",,W","23.0",",,W","35.1",",,W","    1",",,W",,,,,,,,
"USW00024233","SEATTLE TACOMA AIRPORT, WA US","47.44467","-122.31442","112.5","2022-01-21","3.58",",,W",,,"0.00",",,W,2400","0.0",",,W","0.0",",,W","43","H,,S","48",",,W","37",",,W","   20",",,W","   20",",,W","12.1",",,W","14.1",",,W","    1",",,W",,,,,,,,
"USW00024233","SEATTLE TACOMA AIRPORT, WA US","47.44467","-122.31442","112.5","2022-01-22","6.49",",,W",,,"0.00",",,W,2400","0.0",",,W","0.0",",,W","40","H,,S","44",",,W","34",",,W","   20",",,W","   10",",,W","15.0",",,W","19.0",",,W","    1",",,W","    1",",,W",,,,,,
"USW00024233","SEATTLE TACOMA AIRPORT, WA US","47.44467","-122.31442","112.5","2022-01-23","4.03",",,W",,,"0.00",",,W,2400","0.0",",,W","0.0",",,W","37","H,,S","38",",,W","35",",,W","   10",",,W","   20",",,W","8.9",",,W","13.0",",,W","    1",",,W","    1",",,W",,,,,,
"USW00024233","SEATTLE TACOMA AIRPORT, WA US","47.44467","-122.31442","112.5","2022-01-24","4.03",",,W",,,"0.00",",,W,2400","0.0",",,W","0.0",",,W","36","H,,S","39",",,W","34",",,W","   40",",,W","   20",",,W","12.1",",,W","16.1",",,W","    1",",,W","    1",",,W",,,,,,
"USW00024233","SEATTLE TACOMA AIRPORT, WA US","47.44467","-122.31442","112.5","2022-01-25","3.36",",,W",,,"0.00",",,W,2400","0.0",",,W","0.0",",,W","36","H,,S","44",",,W","33",",,W","   20",",,W","   30",",,W","10.1",",,W","13.0",",,W","    1",",,W","    1",",,W",,,,,"    1",",,W"
"USW00024233","SEATTLE TACOMA AIRPORT, WA US","47.44467","-122.31442","112.5","2022-01-26","7.16",",,W",,,"0.00",",,W,2400","0.0",",,W","0.0",",,W","35","H,,S","39",",,W","32",",,W","   20",",,W","   70",",,W","14.1",",,W","18.1",",,W","    1",",,W","    1",",,W",,,,,"    1",",,W"
"USW00024233","SEATTLE TACOMA AIRPORT, WA US","47.44467","-122.31442","112.5","2022-01-27","2.01",",,W",,,"0.00",",,W,2400","0.0",",,W","0.0",",,W","35","H,,S","45",",,W","31",",,W","   10",",,W","   20",",,W","8.9",",,W","11.0",",,W","    1",",,W","    1",",,W",,,,,,
"USW00024233","SEATTLE TACOMA AIRPORT, WA US","47.44467","-122.31442","112.5","2022-01-28","4.92",",,W",,,"0.00",",,W,2400","0.0",",,W","0.0",",,W","37","H,,S","50",",,W","28",",,W","  120",",,W","  110",",,W","13.0",",,W","16.1",",,W","    1",",,W","    1",",,W",,,,,"    1",",,W"
"USW00024233","SEATTLE TACOMA AIRPORT, WA US","47.44467","-122.31442","112.5","2022-01-29","5.82",",,W",,,"0.00","T,,W,2400","0.0",",,W","0.0",",,W","41","H,,S","52",",,W","30",",,W","  150",",,W","  120",",,W","12.1",",,W","14.1",",,W",,,,,,,,,,
"USW00024233","SEATTLE TACOMA AIRPORT, WA US","47.44467","-122.31442","112.5","2022-01-30","11.18",",,W",,,"0.28",",,W,2400","0.0",",,W","0.0",",,W","45","H,,S","53",",,W","39",",,W","  210",",,W","  210",",,W","29.1",",,W","46.1",",,W","    1",",,W",,,,,,,"    1",",,W"
"USW00024233","SEATTLE TACOMA AIRPORT, WA US","47.44467","-122.31442","112.5","2022-01-31","9.17",",,W",,,"0.00",",,W,2400","0.0",",,W","0.0",",,W","42","H,,S","46",",,W","35",",,W","  220",",,W","  230",",,W","19.9",",,W","25.9",",,W",,,,,,,,,,
"USW00024233","SEATTLE TACOMA AIRPORT, WA US","47.44467","-122.31442","112.5","2022-02-01","6.49",",,W",,,"0.00",",,W,2400","0.0",",,W","0.0",",,W","39","H,,S","45",",,W","35",",,W","  210",",,W","   30",",,W","13.0",",,W","17.0",",,W",,,,,,,,,,
"USW00024233","SEATTLE TACOMA AIRPORT, WA US","47.44467","-122.31442","112.5","2022-02-02","7.16",",,W",,,"0.00","T,,W,2400","0.0",",,W","0.0",",,W","37","H,,S","43",",,W","33",",,W","  200",",,W","  230",",,W","15.0",",,W","19.0",",,W","    1",",,W",,,,,,,,
"USW00024233","SEATTLE TACOMA AIRPORT, WA US","47.44467","-122.31442","112.5","2022-02-03","8.95",",,W",,,"0.14",",,W,2400","0.0",",,W","0.0",",,W","43","H,,S","48",",,W","41",",,W","  180",",,W","  180",",,W","15.0",",,W","21.0",",,W","    1",",,W",,,,,,,,
"USW00024233","SEATTLE TACOMA AIRPORT, WA US","47.44467","-122.31442","112.5","2022-02-04","12.08",",,W",,,"0.03",",,W,2400","0.0",",,W","0.0",",,W","44","H,,S","48",",,W","40",",,W","  200",",,W","  190",",,W","25.9",",,W","35.1",",,W","    1",",,W",,,,,,,,
"USW00024233","SEATTLE TACOMA AIRPORT, WA US","47.44467","-122.31442","112.5","2022-02-05","5.82",",,W",,,"0.04",",,W,2400","0.0",",,W","0.0",",,W","44","H,,S","47",",,W","38",",,W","  190",",,W","  190",",,W","14.1",",,W","19.9",",,W","    1",",,W",,,,,,,,
"USW00024233","SEATTLE TACOMA AIRPORT, WA US","47.44467","-122.31442","112.5","2022-02-06","4.70",",,W",,,"0.00",",,W,2400","0.0",",,W","0.0",",,W","41","H,,S","49",",,W","34",",,W","  140",",,W","  160",",,W","12.1",",,W","16.1",",,W","    1",",,W","    1",",,W",,,,,,
"USW00024233","SEATTLE TACOMA AIRPORT, WA US","47.44467","-122.31442","112.5","2022-02-07","12.53",",,W",,,"0.00","T,,W,2400","0.0",",,W","0.0",",,W","45","H,,S","52",",,W","40",",,W","  220",",,W","  210",",,W","23.0",",,W","33.1",",,W",,,,,,,,,"    1",",,W"
"USW00024233","SEATTLE TACOMA AIRPORT, WA US","47.44467","-122.31442","112.5","2022-02-08","3.80",",,W",,,"0.00","T,,W,2400","0.0",",,W","0.0",",,W","44","H,,S","47",",,W","41",",,W","  140",",,W","  140",",,W","8.9",",,W","14.1",",,W",,,,,,,,,,
"USW00024233","SEATTLE TACOMA AIRPORT, WA US","47.44467","-122.31442","112.5","2022-02-09","3.13",",,W",,,"0.00","T,,W,2400","0.0",",,W","0.0",",,W","45","H,,S","54",",,W","39",",,W","  330",",,W","  250",",,W","8.1",",,W","10.1",",,W",,,,,,,,,,
"USW00024233","SEATTLE TACOMA AIRPORT, WA US","47.44467","-122.31442","112.5","2022-02-10","6.71",",,W",,,"0.00","T,,W,2400","0.0",",,W","0.0",",,W","47","H,,S","49",",,W","42",",,W","   10",",,W","   10",",,W","15.0",",,W","19.9",",,W","    1",",,W","    1",",,W",,,,,,
"USW00024233","SEATTLE TACOMA AIRPORT, WA US","47.44467","-122.31442","112.5","2022-02-11","12.75",",,W",,,"0.00",",,W,2400","0.0",",,W","0.0",",,W","45","H,,S","51",",,W","40",",,W","   20",",,W","   20",",,W","21.9",",,W","28.0",",,W","    1",",,W",,,,,,,"    1",",,W"
"USW00024233","SEATTLE TACOMA AIRPORT, WA US","47.44467","-122.31442","112.5","2022-02-12","11.63",",,W",,,"0.00",",,W,2400","0.0",",,W","0.0",",,W","44","H,,S","56",",,W","36",",,W","   20",",,W","   20",",,W","18.1",",,W","23.0",",,W","    1",",,W",,,,,,,,
"USW00024233","SEATTLE TACOMA AIRPORT, WA US","47.44467","-122.31442","112.5","2022-02-13","3.58",",,W",,,"0.00",",,W,2400","0.0",",,W","0.0",",,W","42","H,,S","57",",,W","32",",,W","  200",",,W","  200",",,W","15.0",",,W","19.0",",,W","    1",",,W","    1",",,W",,,,,,
"USW00024233","SEATTLE TACOMA AIRPORT, WA US","47.44467","-122.31442","112.5","2022-02-14","7.83",",,W",,,"0.10",",,W,2400","0.0",",,W","0.0",",,W","47","H,,S","48",",,W","41",",,W","  220",",,W","  230",",,W","21.0",",,W","32.0",",,W","    1",",,W",,,"    1",",,W",,,,
"USW00024233","SEATTLE TACOMA AIRPORT, WA US","47.44467","-122.31442","112.5","2022-02-15","5.59",",,W",,,"0.00","T,,W,2400","0.0",",,W","0.0",",,W","44","H,,S","50",",,W","39",",,W","  220",",,W","  240",",,W","14.1",",,W","18.1",",,W","    1",",,W","    1",",,W",,,,,,
"USW00024233","SEATTLE TACOMA AIRPORT, WA US","47.44467","-122.31442","112.5","2022-02-16","4.25",",,W",,,"0.00","T,,W,2400","0.0",",,W","0.0",",,W","46","H,,S","51",",,W","38",",,W","  130",",,W","  120",",,W","10.1",",,W","18.1",",,W","    1",",,W",,,,,,,,
"USW00024233","SEATTLE TACOMA AIRPORT, WA US","47.44467","-122.31442","112.5","2022-02-17","6.49",",,W",,,"0.00","T,,W,2400","0.0",",,W","0.0",",,W","42","H,,S","47",",,W","36",",,W","  220",",,W","  220",",,W","15.0",",,W","19.9",",,W","    1",",,W",,,,,,,,
"USW00024233","SEATTLE TACOMA AIRPORT, WA US","47.44467","-122.31442","112.5","2022-02-18","2.24",",,W",,,"0.00",",,W,2400","0.0",",,W","0.0",",,W","45","H,,S","49",",,W","42",",,W","  290",",,W","  150",",,W","6.9",",,W","11.0",",,W","    1",",,W",,,,,,,,
"USW00024233","SEATTLE TACOMA AIRPORT, WA US","47.44467","-122.31442","112.5","2022-02-19","13.20",",,W",,,"0.01",",,W,2400","0.0",",,W","0.0",",,W","43","H,,S","46",",,W","40",",,W","  200",",,W","  210",",,W","25.1",",,W","38.0",",,W","    1",",,W",,,,,,,,
"USW00024233","SEATTLE TACOMA AIRPORT, WA US","47.44467","-122.31442","112.5","2022-02-20","8.28",",,W",,,"0.36",",,W,2400","0.0","T,,W","0.0",",,W","43","H,,S","48",",,W","36",",,W","  230",",,W","  230",",,W","16.1",",,W","23.9",",,W","    1",",,W",,,"    1",",,W",,,,
"USW00024233","SEATTLE TACOMA AIRPORT, WA US","47.44467","-122.31442","112.5","2022-02-21","11.63",",,W",,,"0.06",",,W,2400","0.0","T,,W","0.0",",,W","38","H,,S","42",",,W","29",",,W","  360",",,W","  350",",,W","23.9",",,W","32.0",",,W","    1",",,W",,,,,,,,
"USW00024233","SEATTLE TACOMA AIRPORT, WA US","47.44467","-122.31442","112.5","2022-02-22","13.20",",,W",,,"0.00","T,,W,2400","0.0","T,,W","0.0",",,W","33","H,,S","35",",,W","27",",,W","   10",",,W","   10",",,W","23.0",",,W","28.0",",,W",,,,,,,,,,
"USW00024233","SEATTLE TACOMA AIRPORT, WA US","47.44467","-122.31442","112.5","2022-02-23","5.37",",,W",,,"0.00",",,W,2400","0.0",",,W","0.0",",,W","29","H,,S","36",",,W","23",",,W","  110",",,W","  110",",,W","12.1",",,W","18.1",",,W",,,,,,,,,,
"USW00024233","SEATTLE TACOMA AIRPORT, WA US","47.44467","-122.31442","112.5","2022-02-24","5.59",",,W",,,"0.00","T,,W,2400","0.0","T,,W","0.0","T,,W","33","H,,S","40",",,W","27",",,W","  280",",,W","   20",",,W","12.1",",,W","17.0",",,W","    1",",,W",,,,,,,,
"USW00024233","SEATTLE TACOMA AIRPORT, WA US","47.44467","-122.31442","112.5","2022-02-25","5.37",",,W",,,"0.00",",,W,2400","0.0",",,W","0.0",",,W","34","H,,S","48",",,W","26",",,W","  110",",,W","  130",",,W","14.1",",,W","18.1",",,W",,,,,,,,,,
"USW00024233","SEATTLE TACOMA AIRPORT, WA US","47.44467","-122.31442","112.5","2022-02-26","8.50",",,W",,,"0.36",",,W,2400","0.0",",,W","0.0",",,W","41","H,,S","50",",,W","34",",,W","  130",",,W","  120",",,W","18.1",",,W","25.9",",,W","    1",",,W",,,,,,,,
"USW00024233","SEATTLE TACOMA AIRPORT, WA US","47.44467","-122.31442","112.5","2022-02-27","9.84",",,W",,,"1.25",",,W,2400","0.0",",,W","0.0",",,W","44","H,,S","50",",,W","42",",,W","  210",",,W","  200",",,W","19.9",",,W","30.0",",,W","    1",",,W",,,,,,,,
"USW00024233","SEATTLE TACOMA AIRPORT, WA US","47.44467","-122.31442","112.5","2022-02-28","10.74",",,W",,,"2.97",",,W,2400","0.0",",,W","0.0",",,W","49","H,,S","54",",,W","47",",,W","  210",",,W","  180",",,W","17.0",",,W","28.0",",,W","    1",",,W",,,,,,,,
"USW00024233","SEATTLE TACOMA AIRPORT, WA US","47.44467","-122.31442","112.5","2022-03-01","7.83",",,W",,,"0.15",",,W,2400","0.0",",,W","0.0",",,W","53","H,,S","57",",,W","49",",,W","  210",",,W","  200",",,W","15.0",",,W","21.0",",,W","    1",",,W",,,,,,,,
"USW00024233","SEATTLE TACOMA AIRPORT, WA US","47.44467","-122.31442","112.5","2022-03-02","6.26",",,W",,,"0.25",",,W,2400","0.0",",,W","0.0",",,W","50","H,,S","51",",,W","46",",,W","  190",",,W","  200",",,W","12.1",",,W","16.1",",,W","    1",",,W",,,,,,,,
"USW00024233","SEATTLE TACOMA AIRPORT, WA US","47.44467","-122.31442","112.5","2022-03-03","5.59",",,W",,,"0.16",",,W,2400","0.0",",,W","0.0",",,W","45","H,,S","50",",,W","41",",,W","  130",",,W","  230",",,W","10.1",",,W","14.1",",,W","    1",",,W",,,,,,,,
"USW00024233","SEATTLE TACOMA AIRPORT, WA US","47.44467","-122.31442","112.5","2022-03-04","7.61",",,W",,,"0.46",",,W,2400","0.0",",,W","0.0",",,W","44","H,,S","49",",,W","41",",,W","  350",",,W","  350",",,W","19.9",",,W","25.1",",,W","    1",",,W",,,,,,,,
"USW00024233","SEATTLE TACOMA AIRPORT, WA US","47.44467","-122.31442","112.5","2022-03-05","4.70",",,W",,,"0.00",",,W,2400","0.0",",,W","0.0",",,W","43","H,,S","51",",,W","37",",,W","   10",",,W","  330",",,W","12.1",",,W","17.0",",,W","    1",",,W",,,,,,,,
"USW00024233","SEATTLE TACOMA AIRPORT, WA US","47.44467","-122.31442","112.5","2022-03-06","2.91",",,W",,,"0.00",",,W,2400","0.0",",,W","0.0",",,W","42","H,,S","50",",,W","32",",,W","  360",",,W","   30",",,W","10.1",",,W","14.1",",,W","    1",",,W","    1",",,W",,,,,,
"USW00024233","SEATTLE TACOMA AIRPORT, WA US","47.44467","-122.31442","112.5","2022-03-07","6.71",",,W",,,"0.00",",,W,2400","0.0",",,W","0.0",",,W","42","H,,S","48",",,W","35",",,W","  220",",,W","  210",",,W","12.1",",,W","16.1",",,W","    1",",,W","    1",",,W",,,,,,
"USW00024233","SEATTLE TACOMA AIRPORT, WA US","47.44467","-122.31442","112.5","2022-03-08","3.58",",,W",,,"0.08",",,W,2400","0.0",",,W","0.0",",,W","44","H,,S","48",",,W","38",",,W","  340",",,W","  330",",,W","10.1",",,W","15.0",",,W","    1",",,W",,,,,,,,
"USW00024233","SEATTLE TACOMA AIRPORT, WA US","47.44467","-122.31442","112.5","2022-03-09","8.28",",,W",,,"0.00",",,W,2400","0.0",",,W","0.0",",,W","41","H,,S","47",",,W","34",",,W","  350",",,W","  360",",,W","21.9",",,W","34.0",",,W","    1",",,W","    1",",,W",,,,,,
"USW00024233","SEATTLE TACOMA AIRPORT, WA US","47.44467","-122.31442","112.5","2022-03-10","4.25",",,W",,,"0.00",",,W,2400","0.0",",,W","0.0",",,W","38","H,,S","46",",,W","29",",,W","  120",",,W","  120",",,W","10.1",",,W","13.0",",,W",,,,,,,,,,
"USW00024233","SEATTLE TACOMA AIRPORT, WA US","47.44467","-122.31442","112.5","2022-03-11","3.58",",,W",,,"0.00",",,W,2400","0.0",",,W","0.0",",,W","43","H,,S","50",",,W","40",",,W","  110",",,W","  130",",,W","10.1",",,W","16.1",",,W",,,,,,,,,,
"USW00024233","SEATTLE TACOMA AIRPORT, WA US","47.44467","-122.31442","112.5","2022-03-12","5.37",",,W",,,"0.02",",,W,2400","0.0",",,W","0.0",",,W","47","H,,S","55",",,W","39",",,W","  200",",,W","  230",",,W","17.0",",,W","25.9",",,W",,,,,,,,,,
"USW00024233","SEATTLE TACOMA AIRPORT, WA US","47.44467","-122.31442","112.5","2022-03-13","8.72",",,W",,,"0.10",",,W,2400","0.0",",,W","0.0",",,W","47","H,,S","53",",,W","39",",,W","  210",",,W","  220",",,W","25.1",",,W","36.0",",,W","    1",",,W",,,,,,,,
"USW00024233","SEATTLE TACOMA AIRPORT, WA US","47.44467","-122.31442","112.5","2022-03-14","8.28",",,W",,,"0.59",",,W,2400","0.0",",,W","0.0",",,W","46","H,,S","49",",,W","43",",,W","  170",",,W","  160",",,W","17.0",",,W","21.9",",,W","    1",",,W",,,,,,,,
"USW00024233","SEATTLE TACOMA AIRPORT, WA US","47.44467","-122.31442","112.5","2022-03-15","12.30",",,W",,,"0.22",",,W,2400","0.0",",,W","0.0",",,W","46","H,,S","53",",,W","43",",,W","  230",",,W","  230",",,W","23.9",",,W","31.1",",,W","    1",",,W",,,,,,,"    1",",,W"
"USW00024233","SEATTLE TACOMA AIRPORT, WA US","47.44467","-122.31442","112.5","2022-03-16","8.28",",,W",,,"0.00",",,W,2400","0.0",",,W","0.0",",,W","46","H,,S","53",",,W","41",",,W","  190",",,W","  190",",,W","17.0",",,W","23.9",",,W",,,,,,,,,,
"USW00024233","SEATTLE TACOMA AIRPORT, WA US","47.44467","-122.31442","112.5","2022-03-17","6.49",",,W",,,"0.02",",,W,2400","0.0",",,W","0.0",",,W","46","H,,S","51",",,W","42",",,W","  220",",,W","  210",",,W","14.1",",,W","19.9",",,W","    1",",,W",,,,,,,"    1",",,W"
"USW00024233","SEATTLE TACOMA AIRPORT, WA US","47.44467","-122.31442","112.5","2022-03-18","6.71",",,W",,,"0.21",",,W,2400","0.0",",,W","0.0",",,W","47","H,,S","55",",,W","44",",,W","  220",",,W","  210",",,W","14.1",",,W","19.9",",,W","    1",",,W",,,,,,,,
"USW00024233","SEATTLE TACOMA AIRPORT, WA US","47.44467","-122.31442","112.5","2022-03-19","11.18",",,W",,,"0.31",",,W,2400","0.0",",,W","0.0",",,W","48","H,,S","52",",,W","39",",,W","   40",",,W","  220",",,W","23.9",",,W","34.0",",,W","    1",",,W",,,,,,,,
"USW00024233","SEATTLE TACOMA AIRPORT, WA US","47.44467","-122.31442","112.5","2022-03-20","10.07",",,W",,,"0.21",",,W,2400","0.0",",,W","0.0",",,W","42","H,,S","48",",,W","38",",,W","  200",",,W","  190",",,W","17.0",",,W","21.9",",,W","    1",",,W",,,,,,,,
"USW00024233","SEATTLE TACOMA AIRPORT, WA US","47.44467","-122.31442","112.5","2022-03-21","4.70",",,W",,,"0.41",",,W,2400","0.0",",,W","0.0",",,W","43","H,,S","49",",,W","41",",,W","  160",",,W","  110",",,W","8.9",",,W","14.1",",,W","    1",",,W",,,,,,,,
"USW00024233","SEATTLE TACOMA AIRPORT, WA US","47.44467","-122.31442","112.5","2022-03-22","4.47",",,W",,,"0.02",",,W,2400","0.0",",,W","0.0",",,W","51","H,,S","63",",,W","48",",,W","  220",",,W","  210",",,W","12.1",",,W","15.0",",,W","    1",",,W",,,,,,,"    1",",,W"
"USW00024233","SEATTLE TACOMA AIRPORT, WA US","47.44467","-122.31442","112.5","2022-03-23","8.50",",,W",,,"0.09",",,W,2400","0.0",",,W","0.0",",,W","54","H,,S","56",",,W","41",",,W","  200",",,W","  250",",,W","17.0",",,W","25.9",",,W","    1",",,W",,,,,,,,
"USW00024233","SEATTLE TACOMA AIRPORT, WA US","47.44467","-122.31442","112.5","2022-03-24","8.50",",,W",,,"0.00",",,W,2400","0.0",",,W","0.0",",,W","46","H,,S","57",",,W","40",",,W","   30",",,W","   30",",,W","17.0",",,W","21.0",",,W","    1",",,W",,,,,,,,
"USW00024233","SEATTLE TACOMA AIRPORT, WA US","47.44467","-122.31442","112.5","2022-03-25","4.47",",,W",,,"0.00",",,W,2400","0.0",",,W","0.0",",,W","49","H,,S","59",",,W","42",",,W","  190",",,W","  190",",,W","13.0",",,W","17.0",",,W",,,,,,,,,,
"USW00024233","SEATTLE TACOMA AIRPORT, WA US","47.44467","-122.31442","112.5","2022-03-26","3.80",",,W",,,"0.01",",,W,2400","0.0",",,W","0.0",",,W","51","H,,S","59",",,W","46",",,W","  280",",,W","  130",",,W","8.9",",,W","12.1",",,W",,,,,,,,,,
"USW00024233","SEATTLE TACOMA AIRPORT, WA US","47.44467","-122.31442","112.5","2022-03-27","3.80",",,W",,,"0.00","T,,W,2400","0.0",",,W","0.0",",,W","53","H,,S","63",",,W","44",",,W","  260",",,W","  260",",,W","12.1",",,W","17.0",",,W","    1",",,W",,,,,,,,
"USW00024233","SEATTLE TACOMA AIRPORT, WA US","47.44467","-122.31442","112.5","2022-03-28","5.59",",,W",,,"0.00","T,,W,2400","0.0",",,W","0.0",",,W","53","H,,S","56",",,W","44",",,W","  220",",,W","  350",",,W","15.0",",,W","19.9",",,W",,,,,,,,,,
"USW00024233","SEATTLE TACOMA AIRPORT, WA US","47.44467","-122.31442","112.5","2022-03-29","5.82",",,W",,,"0.00",",,W,2400","0.0",",,W","0.0",",,W","49","H,,S","58",",,W","44",",,W","  210",",,W","  230",",,W","17.0",",,W","25.1",",,W","    1",",,W",,,,,,,,
"USW00024233","SEATTLE TACOMA AIRPORT, WA US","47.44467","-122.31442","112.5","2022-03-30","10.96",",,W",,,"0.00","T,,W,2400","0.0",",,W","0.0",",,W","49","H,,S","56",",,W","43",",,W","  230",",,W","  220",",,W","21.9",",,W","31.1",",,W",,,,,,,,,"    1",",,W"
"USW00024233","SEATTLE TACOMA AIRPORT, WA US","47.44467","-122.31442","112.5","2022-03-31","6.04",",,W",,,"0.01",",,W,2400","0.0",",,W","0.0",",,W","46","H,,S","54",",,W","41",",,W","  260",",,W","  250",",,W","12.1",",,W","18.1",",,W",,,,,,,,,"    1",",,W"
"USW00024233","SEATTLE TACOMA AIRPORT, WA US","47.44467","-122.31442","112.5","2022-04-01","8.50",",,W",,,"0.05",",,W,2400","0.0",",,W","0.0",",,W","47","H,,S","53",",,W","40",",,W","  220",",,W","  220",",,W","19.9",",,W","25.1",",,W",,,,,,,,,,
"USW00024233","SEATTLE TACOMA AIRPORT, WA US","47.44467","-122.31442","112.5","2022-04-02","9.84",",,W",,,"0.00",",,W,2400","0.0",",,W","0.0",",,W","47","H,,S","55",",,W","42",",,W","  200",",,W","  220",",,W","21.9",",,W","27.1",",,W",,,,,,,,,,
"USW00024233","SEATTLE TACOMA AIRPORT, WA US","47.44467","-122.31442","112.5","2022-04-03","12.30",",,W",,,"0.23",",,W,2400","0.0",",,W","0.0",",,W","48","H,,S","54",",,W","44",",,W","  190",",,W","  200",",,W","28.0",",,W","38.0",",,W","    1",",,W",,,,,,,,
"USW00024233","SEATTLE TACOMA AIRPORT, WA US","47.44467","-122.31442","112.5","2022-04-04","17.67",",,W",,,"0.55",",,W,2400","0.0",",,W","0.0",",,W","46","H,,S","49",",,W","38",",,W","  240",",,W","  240",",,W","30.0",",,W","46.1",",,W","    1",",,W",,,"    1",",,W",,,"    1",",,W"
"USW00024233","SEATTLE TACOMA AIRPORT, WA US","47.44467","-122.31442","112.5","2022-04-05","12.75",",,W",,,"0.01",",,W,2400","0.0",",,W","0.0",",,W","43","H,,S","53",",,W","39",",,W","  210",",,W","  200",",,W","23.9",",,W","36.9",",,W",,,,,,,,,,
"USW00024233","SEATTLE TACOMA AIRPORT, WA US","47.44467","-122.31442","112.5","2022-04-06","6.04",",,W",,,"0.00",",,W,2400","0.0",",,W","0.0",",,W","45","H,,S","60",",,W","33",",,W","  300",",,W","  290",",,W","13.0",",,W","16.1",",,W","    1",",,W",,,,,,,,
"USW00024233","SEATTLE TACOMA AIRPORT, WA US","47.44467","-122.31442","112.5","2022-04-07","5.82",",,W",,,"0.00",",,W,2400","0.0",",,W","0.0",",,W","55","H,,S","73",",,W","42",",,W","  230",",,W","  230",",,W","25.1",",,W","33.1",",,W",,,,,,,,,,
"USW00024233","SEATTLE TACOMA AIRPORT, WA US","47.44467","-122.31442","112.5","2022-04-08","14.99",",,W",,,"0.06",",,W,2400","0.0",",,W","0.0",",,W","55","H,,S","56",",,W","41",",,W","  230",",,W","  230",",,W","28.0",",,W","40.9",",,W","    1",",,W",,,,,,,,
"USW00024233","SEATTLE TACOMA AIRPORT, WA US","47.44467","-122.31442","112.5","2022-04-09","10.51",",,W",,,"0.23",",,W,2400","0.0","T,,W","0.0",",,W","43","H,,S","49",",,W","36",",,W","  220",",,W","  220",",,W","23.0",",,W","32.0",",,W","    1",",,W",,,,,"    1",",,W",,
"USW00024233","SEATTLE TACOMA AIRPORT, WA US","47.44467","-122.31442","112.5","2022-04-10","11.18",",,W",,,"0.05",",,W,2400","0.0",",,W","0.0",",,W","41","H,,S","48",",,W","36",",,W","  220",",,W","  200",",,W","23.0",",,W","32.0",",,W","    1",",,W",,,,,,,,
"USW00024233","SEATTLE TACOMA AIRPORT, WA US","47.44467","-122.31442","112.5","2022-04-11","15.66",",,W",,,"0.02",",,W,2400","0.0",",,W","0.0",",,W","42","H,,S","53",",,W","37",",,W","  360",",,W","  360",",,W","25.1",",,W","35.1",",,W",,,,,,,,,,
"USW00024233","SEATTLE TACOMA AIRPORT, WA US","47.44467","-122.31442","112.5","2022-04-12","10.29",",,W",,,"0.01",",,W,2400","0.0","T,,W","0.0",",,W","42","H,,S","47",",,W","33",",,W","  260",",,W","  260",",,W","25.9",",,W","33.1",",,W","    1",",,W",,,,,,,,
"USW00024233","SEATTLE TACOMA AIRPORT, WA US","47.44467","-122.31442","112.5","2022-04-13","6.04",",,W",,,"0.00",",,W,2400","0.0",",,W","0.0",",,W","38","H,,S","44",",,W","32",",,W","   20",",,W","   30",",,W","14.1",",,W","18.1",",,W","    1",",,W",,,,,,,,
"USW00024233","SEATTLE TACOMA AIRPORT, WA US","47.44467","-122.31442","112.5","2022-04-14","6.26",",,W",,,"0.13",",,W,2400","0.0",",,W","0.0",",,W","38","H,,S","48",",,W","35",",,W","  210",",,W","  200",",,W","17.0",",,W","21.9",",,W","    1",",,W",,,,,,,,
"USW00024233","SEATTLE TACOMA AIRPORT, WA US","47.44467","-122.31442","112.5","2022-04-15","6.93",",,W",,,"0.00",",,W,2400","0.0",",,W","0.0",",,W","41","H,,S","50",",,W","36",",,W","   10",",,W","   20",",,W","13.0",",,W","21.0",",,W",,,,,,,,,,
"USW00024233","SEATTLE TACOMA AIRPORT, WA US","47.44467","-122.31442","112.5","2022-04-16","10.51",",,W",,,"0.01",",,W,2400","0.0",",,W","0.0",",,W","43","H,,S","48",",,W","37",",,W","  160",",,W","  240",",,W","18.1",",,W","25.1",",,W",,,,,"    1",",,W",,,,
"USW00024233","SEATTLE TACOMA AIRPORT, WA US","47.44467","-122.31442","112.5","2022-04-17","8.05",",,W",,,"0.00","T,,W,2400","0.0",",,W","0.0",",,W","44","H,,S","58",",,W","37",",,W","  180",",,W","  130",",,W","17.0",",,W","23.0",",,W",,,,,,,,,,
"USW00024233","SEATTLE TACOMA AIRPORT, WA US","47.44467","-122.31442","112.5","2022-04-18","8.72",",,W",,,"0.23",",,W,2400","0.0",",,W","0.0",",,W","50","H,,S","52",",,W","41",",,W","  220",",,W","  230",",,W","25.9",",,W","40.0",",,W","    1",",,W",,,,,,,,
"USW00024233","SEATTLE TACOMA AIRPORT, WA US","47.44467","-122.31442","112.5","2022-04-19","8.95",",,W",,,"0.14",",,W,2400","0.0",",,W","0.0",",,W","44","H,,S","54",",,W","39",",,W","  200",",,W","  200",",,W","19.9",",,W","25.9",",,W","    1",",,W",,,,,,,,
"USW00024233","SEATTLE TACOMA AIRPORT, WA US","47.44467","-122.31442","112.5","2022-04-20","6.71",",,W",,,"0.08",",,W,2400","0.0",",,W","0.0",",,W","46","H,,S","54",",,W","38",",,W","  160",",,W","  150",",,W","19.9",",,W","29.1",",,W",,,,,,,,,,
"USW00024233","SEATTLE TACOMA AIRPORT, WA US","47.44467","-122.31442","112.5","2022-04-21","8.50",",,W",,,"0.18",",,W,2400","0.0",",,W","0.0",",,W","48","H,,S","56",",,W","42",",,W","  160",",,W","  200",",,W","21.9",",,W","31.1",",,W","    1",",,W",,,,,,,,
"USW00024233","SEATTLE TACOMA AIRPORT, WA US","47.44467","-122.31442","112.5","2022-04-22","3.80",",,W",,,"0.01",",,W,2400","0.0",",,W","0.0",",,W","47","H,,S","58",",,W","42",",,W","  310",",,W","  300",",,W","12.1",",,W","17.0",",,W","    1",",,W",,,,,,,,
"USW00024233","SEATTLE TACOMA AIRPORT, WA US","47.44467","-122.31442","112.5","2022-04-23","5.59",",,W",,,"0.00",",,W,2400","0.0",",,W","0.0",",,W","50","H,,S","59",",,W","44",",,W","  250",",,W","  250",",,W","12.1",",,W","16.1",",,W",,,,,,,,,,
"USW00024233","SEATTLE TACOMA AIRPORT, WA US","47.44467","-122.31442","112.5","2022-04-24","7.16",",,W",,,"0.00",",,W,2400","0.0",",,W","0.0",",,W","53","H,,S","67",",,W","42",",,W","  240",",,W","  260",",,W","15.0",",,W","19.9",",,W",,,,,,,,,,
"USW00024233","SEATTLE TACOMA AIRPORT, WA US","47.44467","-122.31442","112.5","2022-04-25","9.17",",,W",,,"0.14",",,W,2400","0.0",",,W","0.0",",,W","53","H,,S","57",",,W","45",",,W","  200",",,W","  200",",,W","17.0",",,W","23.0",",,W","    1",",,W",,,,,,,,
"USW00024233","SEATTLE TACOMA AIRPORT, WA US","47.44467","-122.31442","112.5","2022-04-26","10.74",",,W",,,"0.05",",,W,2400","0.0",",,W","0.0",",,W","47","H,,S","52",",,W","41",",,W","  210",",,W","  190",",,W","21.9",",,W","30.0",",,W","    1",",,W",,,,,,,,
"USW00024233","SEATTLE TACOMA AIRPORT, WA US","47.44467","-122.31442","112.5","2022-04-27","6.04",",,W",,,"0.00","T,,W,2400","0.0",",,W","0.0",",,W","47","H,,S","56",",,W","39",",,W","  200",",,W","  180",",,W","15.0",",,W","19.0",",,W",,,,,,,,,,
"USW00024233","SEATTLE TACOMA AIRPORT, WA US","47.44467","-122.31442","112.5","2022-04-28","5.37",",,W",,,"0.00","T,,W,2400","0.0",",,W","0.0",",,W","48","H,,S","57",",,W","42",",,W","  290",",,W","  280",",,W","13.0",",,W","17.0",",,W",,,,,,,,,,
"USW00024233","SEATTLE TACOMA AIRPORT, WA US","47.44467","-122.31442","112.5","2022-04-29","5.59",",,W",,,"0.14",",,W,2400","0.0",",,W","0.0",",,W","50","H,,S","60",",,W","44",",,W","  240",",,W","   90",",,W","13.0",",,W","17.0",",,W","    1",",,W",,,,,,,,
"USW00024233","SEATTLE TACOMA AIRPORT, WA US","47.44467","-122.31442","112.5","2022-04-30","7.16",",,W",,,"0.39",",,W,2400","0.0",",,W","0.0",",,W","53","H,,S","60",",,W","46",",,W","  110",",,W","  100",",,W","15.0",",,W","19.9",",,W","    1",",,W",,,,,,,,
"USW00024233","SEATTLE TACOMA AIRPORT, WA US","47.44467","-122.31442","112.5","2022-05-01","4.47",",,W",,,"0.00",",,W,2400","0.0",",,W","0.0",",,W","52","H,,S","62",",,W","44",",,W","  260",",,W","  260",",,W","13.0",",,W","17.0",",,W",,,,,,,,,,
"USW00024233","SEATTLE TACOMA AIRPORT, WA US","47.44467","-122.31442","112.5","2022-05-02","6.26",",,W",,,"0.37",",,W,2400","0.0",",,W","0.0",",,W","53","H,,S","54",",,W","47",",,W","  230",",,W","  230",",,W","15.0",",,W","19.9",",,W","    1",",,W",,,,,,,,
"USW00024233","SEATTLE TACOMA AIRPORT, WA US","47.44467","-122.31442","112.5","2022-05-03","8.50",",,W",,,"0.00",",,W,2400","0.0",",,W","0.0",",,W","50","H,,S","54",",,W","46",",,W","  200",",,W","  210",",,W","15.0",",,W","19.9",",,W","    1",",,W",,,,,,,,
"USW00024233","SEATTLE TACOMA AIRPORT, WA US","47.44467","-122.31442","112.5","2022-05-04","4.47",",,W",,,"0.00",",,W,2400","0.0",",,W","0.0",",,W","51","H,,S","65",",,W","45",",,W","  220",",,W","  230",",,W","10.1",",,W","14.1",",,W",,,,,,,,,,
"USW00024233","SEATTLE TACOMA AIRPORT, WA US","47.44467","-122.31442","112.5","2022-05-05","9.84",",,W",,,"0.44",",,W,2400","0.0",",,W","0.0",",,W","51","H,,S","52",",,W","44",",,W","  210",",,W","  210",",,W","23.9",",,W","35.1",",,W","    1",",,W",,,,,,,,
"USW00024233","SEATTLE TACOMA AIRPORT, WA US","47.44467","-122.31442","112.5","2022-05-06","4.92",",,W",,,"0.64",",,W,2400","0.0",",,W","0.0",",,W","48","H,,S","55",",,W","42",",,W","  280",",,W","   60",",,W","8.9",",,W","13.0",",,W","    1",",,W",,,,,,,,
"USW00024233","SEATTLE TACOMA AIRPORT, WA US","47.44467","-122.31442","112.5","2022-05-07","12.30",",,W",,,"0.47",",,W,2400","0.0",",,W","0.0",",,W","49","H,,S","55",",,W","42",",,W","  230",",,W","  210",",,W","23.9",",,W","35.1",",,W","    1",",,W",,,,,,,,
"USW00024233","SEATTLE TACOMA AIRPORT, WA US","47.44467","-122.31442","112.5","2022-05-08","7.61",",,W",,,"0.02",",,W,2400","0.0",",,W","0.0",",,W","46","H,,S","55",",,W","40",",,W","  300",",,W","  310",",,W","15.0",",,W","21.9",",,W",,,,,,,,,,
"USW00024233","SEATTLE TACOMA AIRPORT, WA US","47.44467","-122.31442","112.5","2022-05-09","8.95",",,W",,,"0.01",",,W,2400","0.0",",,W","0.0",",,W","47","H,,S","57",",,W","40",",,W","  240",",,W","  210",",,W","18.1",",,W","27.1",",,W",,,,,,,,,,
"USW00024233","SEATTLE TACOMA AIRPORT, WA US","47.44467","-122.31442","112.5","2022-05-10","8.50",",,W",,,"0.00",",,W,2400","0.0",",,W","0.0",",,W","49","H,,S","59",",,W","41",",,W","  220",",,W","  210",",,W","15.0",",,W","21.9",",,W",,,,,,,,,,
"USW00024233","SEATTLE TACOMA AIRPORT, WA US","47.44467","-122.31442","112.5","2022-05-11","8.72",",,W",,,"0.02",",,W,2400","0.0",",,W","0.0",",,W","51","H,,S","59",",,W","42",",,W","  250",",,W","  200",",,W","17.0",",,W","21.9",",,W",,,,,,,,,,
"USW00024233","SEATTLE TACOMA AIRPORT, WA US","47.44467","-122.31442","112.5","2022-05-12","10.51",",,W",,,"0.29",",,W,2400","0.0",",,W","0.0",",,W","49","H,,S","51",",,W","42",",,W","  230",",,W","  230",",,W","23.0",",,W","33.1",",,W","    1",",,W",,,,,,,,
"USW00024233","SEATTLE TACOMA AIRPORT, WA US","47.44467","-122.31442","112.5","2022-05-13","7.38",",,W",,,"0.00","T,,W,2400","0.0",",,W","0.0",",,W","47","H,,S","58",",,W","40",",,W","  210",",,W","  220",",,W","16.1",",,W","21.0",",,W",,,,,,,,,,
"USW00024233","SEATTLE TACOMA AIRPORT, WA US","47.44467","-122.31442","112.5","2022-05-14","7.38",",,W",,,"0.03",",,W,2400","0.0",",,W","0.0",",,W","53","H,,S","66",",,W","46",",,W","  270",",,W","  250",",,W","17.0",",,W","25.1",",,W","    1",",,W",,,,,,,,
"USW00024233","SEATTLE TACOMA AIRPORT, WA US","47.44467","-122.31442","112.5","2022-05-15","6.26",",,W",,,"0.65",",,W,2400","0.0",",,W","0.0",",,W","56","H,,S","59",",,W","51",",,W","  130",",,W","  120",",,W","17.0",",,W","23.0",",,W","    1",",,W",,,,,,,,
"USW00024233","SEATTLE TACOMA AIRPORT, WA US","47.44467","-122.31442","112.5","2022-05-16","11.41",",,W",,,"0.00","T,,W,2400","0.0",",,W","0.0",",,W","55","H,,S","60",",,W","45",",,W","  200",",,W","  220",",,W","21.9",",,W","30.0",",,W",,,,,,,,,,
"USW00024233","SEATTLE TACOMA AIRPORT, WA US","47.44467","-122.31442","112.5","2022-05-17","7.38",",,W",,,"0.00",",,W,2400","0.0",",,W","0.0",",,W","51","H,,S","61",",,W","44",",,W","  210",",,W","  230",",,W","13.0",",,W","18.1",",,W",,,,,,,,,,
"USW00024233","SEATTLE TACOMA AIRPORT, WA US","47.44467","-122.31442","112.5","2022-05-18","16.55",",,W",,,"0.24",",,W,2400","0.0",",,W","0.0",",,W","52","H,,S","57",",,W","46",",,W","  210",",,W","  210",",,W","29.1",",,W","40.9",",,W","    1",",,W",,,,,,,,
"USW00024233","SEATTLE TACOMA AIRPORT, WA US","47.44467","-122.31442","112.5","2022-05-19","8.95",",,W",,,"0.00","T,,W,2400","0.0",",,W","0.0",",,W","49","H,,S","58",",,W","43",",,W","  220",",,W","  210",",,W","16.1",",,W","23.0",",,W",,,,,,,,,,
"USW00024233","SEATTLE TACOMA AIRPORT, WA US","47.44467","-122.31442","112.5","2022-05-20","4.03",",,W",,,"0.00",",,W,2400","0.0",",,W","0.0",",,W","50","H,,S","61",",,W","41",",,W","  350",",,W","  310",",,W","12.1",",,W","19.9",",,W",,,,,,,,,,
"USW00024233","SEATTLE TACOMA AIRPORT, WA US","47.44467","-122.31442","112.5","2022-05-21","6.71",",,W",,,"0.00",",,W,2400","0.0",",,W","0.0",",,W","54","H,,S","67",",,W","44",",,W","  290",",,W","  350",",,W","15.0",",,W","21.0",",,W",,,,,,,,,,
"USW00024233","SEATTLE TACOMA AIRPORT, WA US","47.44467","-122.31442","112.5","2022-05-22","5.82",",,W",,,"0.00",",,W,2400","0.0",",,W","0.0",",,W","58","H,,S","71",",,W","46",",,W","   30",",,W","   30",",,W","12.1",",,W","16.1",",,W",,,,,,,,,,
"USW00024233","SEATTLE TACOMA AIRPORT, WA US","47.44467","-122.31442","112.5","2022-05-23","6.93",",,W",,,"0.00","T,,W,2400","0.0",",,W","0.0",",,W","59","H,,S","66",",,W","51",",,W","  210",",,W","  210",",,W","15.0",",,W","19.0",",,W",,,,,,,,,,
"USW00024233","SEATTLE TACOMA AIRPORT, WA US","47.44467","-122.31442","112.5","2022-05-24","5.59",",,W",,,"0.00","T,,W,2400","0.0",",,W","0.0",",,W","56","H,,S","59",",,W","51",",,W","  230",",,W","  220",",,W","10.1",",,W","14.1",",,W",,,,,,,,,,
"USW00024233","SEATTLE TACOMA AIRPORT, WA US","47.44467","-122.31442","112.5","2022-05-25","7.83",",,W",,,"0.02",",,W,2400","0.0",",,W","0.0",",,W","56","H,,S","68",",,W","51",",,W","  210",",,W","  210",",,W","19.9",",,W","27.1",",,W","    1",",,W",,,,,,,,
"USW00024233","SEATTLE TACOMA AIRPORT, WA US","47.44467","-122.31442","112.5","2022-05-26","4.47",",,W",,,"0.24",",,W,2400","0.0",",,W","0.0",",,W","58","H,,S","66",",,W","50",",,W","  230",",,W","  230",",,W","10.1",",,W","14.1",",,W","    1",",,W",,,,,,,,
"USW00024233","SEATTLE TACOMA AIRPORT, WA US","47.44467","-122.31442","112.5","2022-05-27","11.63",",,W",,,"0.00","T,,W,2400","0.0",",,W","0.0",",,W","57","H,,S","62",",,W","49",",,W","  220",",,W","  200",",,W","21.0",",,W","30.0",",,W","    1",",,W",,,,,,,,
"USW00024233","SEATTLE TACOMA AIRPORT, WA US","47.44467","-122.31442","112.5","2022-05-28","7.16",",,W",,,"0.15",",,W,2400","0.0",",,W","0.0",",,W","53","H,,S","58",",,W","48",",,W","  350",",,W","  350",",,W","16.1",",,W","21.0",",,W","    1",",,W",,,,,,,,
"USW00024233","SEATTLE TACOMA AIRPORT, WA US","47.44467","-122.31442","112.5","2022-05-29","9.84",",,W",,,"0.23",",,W,2400","0.0",",,W","0.0",",,W","51","H,,S","56",",,W","48",",,W","  200",",,W","  200",",,W","19.9",",,W","27.1",",,W","    1",",,W",,,,,,,,
"USW00024233","SEATTLE TACOMA AIRPORT, WA US","47.44467","-122.31442","112.5","2022-05-30","4.70",",,W",,,"0.00",",,W,2400","0.0",",,W","0.0",",,W","51","H,,S","60",",,W","45",",,W","   20",",,W","   30",",,W","10.1",",,W","14.1",",,W",,,,,,,,,,
"USW00024233","SEATTLE TACOMA AIRPORT, WA US","47.44467","-122.31442","112.5","2022-05-31","7.61",",,W",,,"0.00",",,W,2400","0.0",",,W","0.0",",,W","56","H,,S","70",",,W","47",",,W","  350",",,W","  360",",,W","17.0",",,W","21.0",",,W",,,,,,,,,,
"USW00024233","SEATTLE TACOMA AIRPORT, WA US","47.44467","-122.31442","112.5","2022-06-01","6.04",",,W",,,"0.00","T,,W,2400","0.0",",,W","0.0",",,W","61","H,,S","71",",,W","53",",,W","  360",",,W","  340",",,W","12.1",",,W","16.1",",,W",,,,,,,,,,
"USW00024233","SEATTLE TACOMA AIRPORT, WA US","47.44467","-122.31442","112.5","2022-06-02","3.80",",,W",,,"0.03",",,W,2400","0.0",",,W","0.0",",,W","62","H,,S","73",",,W","53",",,W","   70",",,W","   60",",,W","10.1",",,W","13.0",",,W","    1",",,W",,,"    1",",,W",,,,
"USW00024233","SEATTLE TACOMA AIRPORT, WA US","47.44467","-122.31442","112.5","2022-06-03","6.93",",,W",,,"0.17",",,W,2400","0.0",",,W","0.0",",,W","60","H,,S","62",",,W","53",",,W","  250",",,W","  250",",,W","18.1",",,W","25.9",",,W","    1",",,W",,,,,,,,
"USW00024233","SEATTLE TACOMA AIRPORT, WA US","47.44467","-122.31442","112.5","2022-06-04","5.59",",,W",,,"0.27",",,W,2400","0.0",",,W","0.0",",,W","59","H,,S","68",",,W","54",",,W","  230",",,W","  220",",,W","15.0",",,W","19.0",",,W","    1",",,W",,,,,,,,
"USW00024233","SEATTLE TACOMA AIRPORT, WA US","47.44467","-122.31442","112.5","2022-06-05","9.17",",,W",,,"0.56",",,W,2400","0.0",",,W","0.0",",,W","60","H,,S","65",",,W","53",",,W","  210",",,W","  210",",,W","23.0",",,W","30.0",",,W","    1",",,W",,,,,,,,
"USW00024233","SEATTLE TACOMA AIRPORT, WA US","47.44467","-122.31442","112.5","2022-06-06","6.04",",,W",,,"0.00",",,W,2400","0.0",",,W","0.0",",,W","56","H,,S","64",",,W","51",",,W","  220",",,W","  220",",,W","13.0",",,W","16.1",",,W",,,,,,,,,,
"USW00024233","SEATTLE TACOMA AIRPORT, WA US","47.44467","-122.31442","112.5","2022-06-07","7.83",",,W",,,"0.00","T,,W,2400","0.0",",,W","0.0",",,W","59","H,,S","72",",,W","51",",,W","  230",",,W","  230",",,W","16.1",",,W","21.9",",,W",,,,,,,,,,
"USW00024233","SEATTLE TACOMA AIRPORT, WA US","47.44467","-122.31442","112.5","2022-06-08","6.26",",,W",,,"0.00",",,W,2400","0.0",",,W","0.0",",,W","62","H,,S","70",",,W","56",",,W","  260",",,W","  270",",,W","12.1",",,W","16.1",",,W",,,,,,,,,,
"USW00024233","SEATTLE TACOMA AIRPORT, WA US","47.44467","-122.31442","112.5","2022-06-09","4.47",",,W",,,"1.10",",,W,2400","0.0",",,W","0.0",",,W","58","H,,S","59",",,W","53",",,W","  150",",,W","   60",",,W","12.1",",,W","17.0",",,W","    1",",,W",,,,,,,,
"USW00024233","SEATTLE TACOMA AIRPORT, WA US","47.44467","-122.31442","112.5","2022-06-10","8.28",",,W",,,"0.17",",,W,2400","0.0",",,W","0.0",",,W","60","H,,S","67",",,W","55",",,W","  210",",,W","  210",",,W","14.1",",,W","21.9",",,W","    1",",,W",,,,,,,,
"USW00024233","SEATTLE TACOMA AIRPORT, WA US","47.44467","-122.31442","112.5","2022-06-11","7.61",",,W",,,"0.01",",,W,2400","0.0",",,W","0.0",",,W","59","H,,S","69",",,W","54",",,W","  200",",,W","  200",",,W","15.0",",,W","21.0",",,W","    1",",,W",,,,,,,,
"USW00024233","SEATTLE TACOMA AIRPORT, WA US","47.44467","-122.31442","112.5","2022-06-12","7.61",",,W",,,"0.01",",,W,2400","0.0",",,W","0.0",",,W","57","H,,S","57",",,W","50",",,W","  220",",,W","  210",",,W","18.1",",,W","28.0",",,W","    1",",,W",,,,,,,,
"USW00024233","SEATTLE TACOMA AIRPORT, WA US","47.44467","-122.31442","112.5","2022-06-13","14.09",",,W",,,"0.11",",,W,2400","0.0",",,W","0.0",",,W","53","H,,S","60",",,W","48",",,W","  210",",,W","  200",",,W","23.9",",,W","33.1",",,W","    1",",,W",,,,,,,"    1",",,W"
"USW00024233","SEATTLE TACOMA AIRPORT, WA US","47.44467","-122.31442","112.5","2022-06-14","6.93",",,W",,,"0.01",",,W,2400","0.0",",,W","0.0",",,W","53","H,,S","63",",,W","48",",,W","  210",",,W","  210",",,W","17.0",",,W","23.0",",,W","    1",",,W",,,,,,,,
"USW00024233","SEATTLE TACOMA AIRPORT, WA US","47.44467","-122.31442","112.5","2022-06-15","3.80",",,W",,,"0.00","T,,W,2400","0.0",",,W","0.0",",,W","55","H,,S","62",",,W","50",",,W","  240",",,W","  240",",,W","8.9",",,W","13.0",",,W",,,,,,,,,,
"USW00024233","SEATTLE TACOMA AIRPORT, WA US","47.44467","-122.31442","112.5","2022-06-16","6.26",",,W",,,"0.01",",,W,2400","0.0",",,W","0.0",",,W","57","H,,S","67",",,W","50",",,W","  230",",,W","  200",",,W","13.0",",,W","19.0",",,W","    1",",,W",,,,,,,,
"USW00024233","SEATTLE TACOMA AIRPORT, WA US","47.44467","-122.31442","112.5","2022-06-17","8.05",",,W",,,"0.16",",,W,2400","0.0",",,W","0.0",",,W","58","H,,S","57",",,W","53",",,W","  340",",,W","  340",",,W","15.0",",,W","21.0",",,W","    1",",,W",,,,,,,,
"USW00024233","SEATTLE TACOMA AIRPORT, WA US","47.44467","-122.31442","112.5","2022-06-18","9.84",",,W",,,"0.01",",,W,2400","0.0",",,W","0.0",",,W","55","H,,S","63",",,W","52",",,W","  200",",,W","  190",",,W","15.0",",,W","19.9",",,W",,,,,,,,,,
"USW00024233","SEATTLE TACOMA AIRPORT, WA US","47.44467","-122.31442","112.5","2022-06-19","6.71",",,W",,,"0.00","T,,W,2400","0.0",",,W","0.0",",,W","57","H,,S","66",",,W","52",",,W","  210",",,W","  210",",,W","13.0",",,W","18.1",",,W",,,,,,,,,,
"USW00024233","SEATTLE TACOMA AIRPORT, WA US","47.44467","-122.31442","112.5","2022-06-20","4.92",",,W",,,"0.00",",,W,2400","0.0",",,W","0.0",",,W","58","H,,S","68",",,W","52",",,W","  270",",,W","  280",",,W","12.1",",,W","16.1",",,W",,,,,,,,,,
"USW00024233","SEATTLE TACOMA AIRPORT, WA US","47.44467","-122.31442","112.5","2022-06-21","4.47",",,W",,,"0.00",",,W,2400","0.0",",,W","0.0",",,W","61","H,,S","76",",,W","50",",,W","  280",",,W","  290",",,W","12.1",",,W","16.1",",,W",,,,,,,,,"    1",",,W"
"USW00024233","SEATTLE TACOMA AIRPORT, WA US","47.44467","-122.31442","112.5","2022-06-22","4.92",",,W",,,"0.04",",,W,2400","0.0",",,W","0.0",",,W","63","H,,S","68",",,W","56",",,W","   10",",,W","  360",",,W","13.0",",,W","17.0",",,W","    1",",,W",,,,,,,,
"USW00024233","SEATTLE TACOMA AIRPORT, WA US","47.44467","-122.31442","112.5","2022-06-23","8.05",",,W",,,"0.00",",,W,2400","0.0",",,W","0.0",",,W","60","H,,S","71",",,W","51",",,W","  350",",,W","  350",",,W","17.0",",,W","21.9",",,W",,,,,,,,,,
"USW00024233","SEATTLE TACOMA AIRPORT, WA US","47.44467","-122.31442","112.5","2022-06-24","9.40",",,W",,,"0.00",",,W,2400","0.0",",,W","0.0",",,W","63","H,,S","77",",,W","52",",,W","  350",",,W","  360",",,W","17.0",",,W","25.1",",,W",,,,,,,,,,
"USW00024233","SEATTLE TACOMA AIRPORT, WA US","47.44467","-122.31442","112.5","2022-06-25","12.97",",,W",,,"0.00",",,W,2400","0.0",",,W","0.0",",,W","71","H,,S","87",",,W","58",",,W","   10",",,W","   10",",,W","19.9",",,W","25.1",",,W",,,,,,,,,,
"USW00024233","SEATTLE TACOMA AIRPORT, WA US","47.44467","-122.31442","112.5","2022-06-26","12.08",",,W",,,"0.00",",,W,2400","0.0",",,W","0.0",",,W","78","H,,S","90",",,W","67",",,W","  350",",,W","  350",",,W","19.9",",,W","25.9",",,W",,,,,,,,,,
"USW00024233","SEATTLE TACOMA AIRPORT, WA US","47.44467","-122.31442","112.5","2022-06-27","6.49",",,W",,,"0.00",",,W,2400","0.0",",,W","0.0",",,W","78","H,,S","91",",,W","57",",,W","  230",",,W","  200",",,W","16.1",",,W","23.0",",,W",,,,,,,,,"    1",",,W"
"USW00024233","SEATTLE TACOMA AIRPORT, WA US","47.44467","-122.31442","112.5","2022-06-28","9.84",",,W",,,"0.01",",,W,2400","0.0",",,W","0.0",",,W","65","H,,S","65",",,W","56",",,W","  220",",,W","  200",",,W","16.1",",,W","25.9",",,W","    1",",,W",,,,,,,"    1",",,W"
"USW00024233","SEATTLE TACOMA AIRPORT, WA US","47.44467","-122.31442","112.5","2022-06-29","7.83",",,W",,,"0.00","T,,W,2400","0.0",",,W","0.0",",,W","58","H,,S","69",",,W","54",",,W","  220",",,W","  230",",,W","16.1",",,W","21.0",",,W",,,,,,,,,,
"USW00024233","SEATTLE TACOMA AIRPORT, WA US","47.44467","-122.31442","112.5","2022-06-30","8.50",",,W",,,"0.00",",,W,2400","0.0",",,W","0.0",",,W","62","H,,S","75",",,W","54",",,W","  300",",,W","  280",",,W","15.0",",,W","21.9",",,W",,,,,,,,,,
"USW00024233","SEATTLE TACOMA AIRPORT, WA US","47.44467","-122.31442","112.5","2022-07-01","5.82",",,W",,,"0.00",",,W,2400","0.0",",,W","0.0",",,W","65","H,,S","75",",,W","55",",,W","  240",",,W","  200",",,W","13.0",",,W","16.1",",,W",,,,,,,,,,
"USW00024233","SEATTLE TACOMA AIRPORT, WA US","47.44467","-122.31442","112.5","2022-07-02","5.59",",,W",,,"0.00",",,W,2400","0.0",",,W","0.0",",,W","62","H,,S","67",",,W","54",",,W","  220",",,W","  220",",,W","13.0",",,W","16.1",",,W",,,,,,,,,,
"USW00024233","SEATTLE TACOMA AIRPORT, WA US","47.44467","-122.31442","112.5","2022-07-03","7.83",",,W",,,"0.09",",,W,2400","0.0",",,W","0.0",",,W","58","H,,S","58",",,W","52",",,W","  200",",,W","  150",",,W","13.0",",,W","19.0",",,W","    1",",,W",,,,,,,,
"USW00024233","SEATTLE TACOMA AIRPORT, WA US","47.44467","-122.31442","112.5","2022-07-04","5.82",",,W",,,"0.00",",,W,2400","0.0",",,W","0.0",",,W","57","H,,S","72",",,W","51",",,W","  230",",,W","  220",",,W","12.1",",,W","16.1",",,W","    1",",,W",,,,,,,"    1",",,W"
"USW00024233","SEATTLE TACOMA AIRPORT, WA US","47.44467","-122.31442","112.5","2022-07-05","5.82",",,W",,,"0.02",",,W,2400","0.0",",,W","0.0",",,W","63","H,,S","76",",,W","53",",,W","  300",",,W","  320",",,W","12.1",",,W","17.0",",,W","    1",",,W",,,,,,,"    1",",,W"
"USW00024233","SEATTLE TACOMA AIRPORT, WA US","47.44467","-122.31442","112.5","2022-07-06","5.59",",,W",,,"0.05",",,W,2400","0.0",",,W","0.0",",,W","64","H,,S","74",",,W","60",",,W","  250",",,W","  220",",,W","13.0",",,W","16.1",",,W","    1",",,W",,,,,,,,
"USW00024233","SEATTLE TACOMA AIRPORT, WA US","47.44467","-122.31442","112.5","2022-07-07","5.59",",,W",,,"0.00",",,W,2400","0.0",",,W","0.0",",,W","66","H,,S","77",",,W","58",",,W","  240",",,W","  190",",,W","12.1",",,W","16.1",",,W",,,,,,,,,,
"USW00024233","SEATTLE TACOMA AIRPORT, WA US","47.44467","-122.31442","112.5","2022-07-08","6.71",",,W",,,"0.00",",,W,2400","0.0",",,W","0.0",",,W","67","H,,S","77",",,W","60",",,W","   40",",,W","   30",",,W","15.0",",,W","19.0",",,W",,,,,,,,,,
"USW00024233","SEATTLE TACOMA AIRPORT, WA US","47.44467","-122.31442","112.5","2022-07-09","6.49",",,W",,,"0.00",",,W,2400","0.0",",,W","0.0",",,W","67","H,,S","77",",,W","58",",,W","   40",",,W","   40",",,W","15.0",",,W","19.0",",,W",,,,,,,,,,
"USW00024233","SEATTLE TACOMA AIRPORT, WA US","47.44467","-122.31442","112.5","2022-07-10","7.83",",,W",,,"0.00",",,W,2400","0.0",",,W","0.0",",,W","65","H,,S","75",",,W","58",",,W","   20",",,W","  250",",,W","13.0",",,W","17.0",",,W",,,,,,,,,,
"USW00024233","SEATTLE TACOMA AIRPORT, WA US","47.44467","-122.31442","112.5","2022-07-11","9.84",",,W",,,"0.00",",,W,2400","0.0",",,W","0.0",",,W","70","H,,S","86",",,W","60",",,W","  350",",,W","  320",",,W","15.0",",,W","19.9",",,W",,,,,,,,,,
"USW00024233","SEATTLE TACOMA AIRPORT, WA US","47.44467","-122.31442","112.5","2022-07-12","7.16",",,W",,,"0.00",",,W,2400","0.0",",,W","0.0",",,W","74","H,,S","85",",,W","59",",,W","   10",",,W","   20",",,W","14.1",",,W","19.0",",,W",,,,,,,,,,
"USW00024233","SEATTLE TACOMA AIRPORT, WA US","47.44467","-122.31442","112.5","2022-07-13","7.83",",,W",,,"0.00",",,W,2400","0.0",",,W","0.0",",,W","66","H,,S","77",",,W","55",",,W","   30",",,W","   30",",,W","16.1",",,W","19.9",",,W",,,,,,,,,,
"USW00024233","SEATTLE TACOMA AIRPORT, WA US","47.44467","-122.31442","112.5","2022-07-14","4.70",",,W",,,"0.00",",,W,2400","0.0",",,W","0.0",",,W","65","H,,S","80",",,W","53",",,W","   30",",,W","  360",",,W","12.1",",,W","15.0",",,W",,,,,,,,,,
"USW00024233","SEATTLE TACOMA AIRPORT, WA US","47.44467","-122.31442","112.5","2022-07-15","8.72",",,W",,,"0.00",",,W,2400","0.0",",,W","0.0",",,W","66","H,,S","78",",,W","54",",,W","  200",",,W","  210",",,W","15.0",",,W","19.9",",,W",,,,,,,,,,
"USW00024233","SEATTLE TACOMA AIRPORT, WA US","47.44467","-122.31442","112.5","2022-07-16","8.05",",,W",,,"0.00",",,W,2400","0.0",",,W","0.0",",,W","66","H,,S","71",",,W","60",",,W","   20",",,W","  200",",,W","13.0",",,W","17.0",",,W",,,,,,,,,,
"USW00024233","SEATTLE TACOMA AIRPORT, WA US","47.44467","-122.31442","112.5","2022-07-17","4.92",",,W",,,"0.01",",,W,2400","0.0",",,W","0.0",",,W","62","H,,S","69",",,W","57",",,W","   50",",,W","   50",",,W","13.0",",,W","17.0",",,W",,,,,,,,,,
"USW00024233","SEATTLE TACOMA AIRPORT, WA US","47.44467","-122.31442","112.5","2022-07-18","7.38",",,W",,,"0.01",",,W,2400","0.0",",,W","0.0",",,W","61","H,,S","74",",,W","54",",,W","   20",",,W","  360",",,W","14.1",",,W","18.1",",,W","    1",",,W",,,,,,,,
"USW00024233","SEATTLE TACOMA AIRPORT, WA US","47.44467","-122.31442","112.5","2022-07-19","9.84",",,W",,,"0.00",",,W,2400","0.0",",,W","0.0",",,W","66","H,,S","83",",,W","55",",,W","  350",",,W","  350",",,W","16.1",",,W","21.0",",,W","    1",",,W",,,,,,,"    1",",,W"
"USW00024233","SEATTLE TACOMA AIRPORT, WA US","47.44467","-122.31442","112.5","2022-07-20","5.14",",,W",,,"0.00",",,W,2400","0.0",",,W","0.0",",,W","71","H,,S","84",",,W","59",",,W","   40",",,W","   40",",,W","12.1",",,W","15.0",",,W",,,,,,,,,"    1",",,W"
"USW00024233","SEATTLE TACOMA AIRPORT, WA US","47.44467","-122.31442","112.5","2022-07-21","6.93",",,W",,,"0.00",",,W,2400","0.0",",,W","0.0",",,W","69","H,,S","81",",,W","57",",,W","  200",",,W","  250",",,W","13.0",",,W","17.0",",,W",,,,,,,,,"    1",",,W"
"USW00024233","SEATTLE TACOMA AIRPORT, WA US","47.44467","-122.31442","112.5","2022-07-22","8.05",",,W",,,"0.00",",,W,2400","0.0",",,W","0.0",",,W","65","H,,S","72",",,W","57",",,W","  260",",,W","  250",",,W","13.0",",,W","19.9",",,W",,,,,,,,,,
"USW00024233","SEATTLE TACOMA AIRPORT, WA US","47.44467","-122.31442","112.5","2022-07-23","5.59",",,W",,,"0.00",",,W,2400","0.0",",,W","0.0",",,W","63","H,,S","72",",,W","57",",,W","  350",",,W","  250",",,W","10.1",",,W","17.0",",,W",,,,,,,,,,
"USW00024233","SEATTLE TACOMA AIRPORT, WA US","47.44467","-122.31442","112.5","2022-07-24","7.38",",,W",,,"0.00",",,W,2400","0.0",",,W","0.0",",,W","67","H,,S","84",",,W","56",",,W","  340",",,W","  340",",,W","21.0",",,W","29.1",",,W",,,,,,,,,,
"USW00024233","SEATTLE TACOMA AIRPORT, WA US","47.44467","-122.31442","112.5","2022-07-25","8.50",",,W",,,"0.00",",,W,2400","0.0",",,W","0.0",",,W","74","H,,S","87",",,W","62",",,W","   20",",,W","  360",",,W","14.1",",,W","19.0",",,W",,,,,,,,,,
"USW00024233","SEATTLE TACOMA AIRPORT, WA US","47.44467","-122.31442","112.5","2022-07-26","5.14",",,W",,,"0.00",",,W,2400","0.0",",,W","0.0",",,W","78","H,,S","94",",,W","65",",,W","  290",",,W","  300",",,W","12.1",",,W","16.1",",,W",,,,,,,,,,
"USW00024233","SEATTLE TACOMA AIRPORT, WA US","47.44467","-122.31442","112.5","2022-07-27","6.04",",,W",,,"0.00",",,W,2400","0.0",",,W","0.0",",,W","77","H,,S","91",",,W","61",",,W","  280",",,W","  290",",,W","8.9",",,W","14.1",",,W",,,,,,,,,,
"USW00024233","SEATTLE TACOMA AIRPORT, WA US","47.44467","-122.31442","112.5","2022-07-28","5.82",",,W",,,"0.00",",,W,2400","0.0",",,W","0.0",",,W","76","H,,S","94",",,W","61",",,W","  350",",,W","   10",",,W","16.1",",,W","21.9",",,W",,,,,,,,,,
"USW00024233","SEATTLE TACOMA AIRPORT, WA US","47.44467","-122.31442","112.5","2022-07-29","5.59",",,W",,,"0.00",",,W,2400","0.0",",,W","0.0",",,W","78","H,,S","95",",,W","63",",,W","  360",",,W","   20",",,W","15.0",",,W","21.9",",,W",,,,,,,,,,
"USW00024233","SEATTLE TACOMA AIRPORT, WA US","47.44467","-122.31442","112.5","2022-07-30","5.59",",,W",,,"0.00",",,W,2400","0.0",",,W","0.0",",,W","79","H,,S","95",",,W","63",",,W","  340",",,W","  320",",,W","13.0",",,W","18.1",",,W",,,,,,,,,,
"USW00024233","SEATTLE TACOMA AIRPORT, WA US","47.44467","-122.31442","112.5","2022-07-31","5.37",",,W",,,"0.00",",,W,2400","0.0",",,W","0.0",",,W","80","H,,S","95",",,W","65",",,W","  360",",,W","  300",",,W","10.1",",,W","16.1",",,W",,,,,,,,,,
"USW00024233","SEATTLE TACOMA AIRPORT, WA US","47.44467","-122.31442","112.5","2022-08-01","7.83",",,W",,,"0.00",",,W,2400","0.0",",,W","0.0",",,W","74","H,,S","81",",,W","61",",,W","  240",",,W","  190",",,W","14.1",",,W","19.9",",,W",,,,,,,,,,
"USW00024233","SEATTLE TACOMA AIRPORT, WA US","47.44467","-122.31442","112.5","2022-08-02","6.93",",,W",,,"0.00",",,W,2400","0.0",",,W","0.0",",,W","66","H,,S","77",",,W","58",",,W","  230",",,W","  260",",,W","13.0",",,W","19.9",",,W",,,,,,,,,,
"USW00024233","SEATTLE TACOMA AIRPORT, WA US","47.44467","-122.31442","112.5","2022-08-03","9.40",",,W",,,"0.00",",,W,2400","0.0",",,W","0.0",",,W","64","H,,S","74",",,W","53",",,W","  230",",,W","  240",",,W","18.1",",,W","25.9",",,W",,,,,,,,,,
"USW00024233","SEATTLE TACOMA AIRPORT, WA US","47.44467","-122.31442","112.5","2022-08-04","12.30",",,W",,,"0.00","T,,W,2400","0.0",",,W","0.0",",,W","63","H,,S","70",",,W","58",",,W","   20",",,W","   20",",,W","18.1",",,W","25.1",",,W",,,,,,,,,"    1",",,W"
"USW00024233","SEATTLE TACOMA AIRPORT, WA US","47.44467","-122.31442","112.5","2022-08-05","10.74",",,W",,,"0.00",",,W,2400","0.0",",,W","0.0",",,W","64","H,,S","76",",,W","55",",,W","  350",",,W","  350",",,W","16.1",",,W","23.0",",,W",,,,,,,,,,
"USW00024233","SEATTLE TACOMA AIRPORT, WA US","47.44467","-122.31442","112.5","2022-08-06","7.38",",,W",,,"0.00",",,W,2400","0.0",",,W","0.0",",,W","69","H,,S","84",",,W","56",",,W","  360",",,W","   10",",,W","17.0",",,W","23.0",",,W",,,,,,,,,,
"USW00024233","SEATTLE TACOMA AIRPORT, WA US","47.44467","-122.31442","112.5","2022-08-07","7.61",",,W",,,"0.00",",,W,2400","0.0",",,W","0.0",",,W","74","H,,S","90",",,W","61",",,W","  340",",,W","   20",",,W","13.0",",,W","18.1",",,W",,,,,,,,,,
"USW00024233","SEATTLE TACOMA AIRPORT, WA US","47.44467","-122.31442","112.5","2022-08-08","6.26",",,W",,,"0.00",",,W,2400","0.0",",,W","0.0",",,W","76","H,,S","91",",,W","61",",,W","  330",",,W","  340",",,W","14.1",",,W","17.0",",,W",,,,,,,,,,
"USW00024233","SEATTLE TACOMA AIRPORT, WA US","47.44467","-122.31442","112.5","2022-08-09","4.70",",,W",,,"0.00","T,,W,2400","0.0",",,W","0.0",",,W","67","H,,S","79",",,W","59",",,W","  260",",,W","  250",",,W","10.1",",,W","15.0",",,W",,,,,,,,,,
"USW00024233","SEATTLE TACOMA AIRPORT, WA US","47.44467","-122.31442","112.5","2022-08-10","6.49",",,W",,,"0.03",",,W,2400","0.0",",,W","0.0",",,W","66","H,,S","70",",,W","59",",,W","  250",",,W","  240",",,W","14.1",",,W","21.0",",,W","    1",",,W",,,"    1",",,W",,,"    1",",,W"
"USW00024233","SEATTLE TACOMA AIRPORT, WA US","47.44467","-122.31442","112.5","2022-08-11","4.92",",,W",,,"0.00",",,W,2400","0.0",",,W","0.0",",,W","66","H,,S","81",",,W","58",",,W","  300",",,W","  290",",,W","12.1",",,W","16.1",",,W",,,,,,,,,,
"USW00024233","SEATTLE TACOMA AIRPORT, WA US","47.44467","-122.31442","112.5","2022-08-12","8.72",",,W",,,"0.00",",,W,2400","0.0",",,W","0.0",",,W","67","H,,S","78",",,W","56",",,W","  220",",,W","  230",",,W","17.0",",,W","25.1",",,W",,,,,,,,,,
"USW00024233","SEATTLE TACOMA AIRPORT, WA US","47.44467","-122.31442","112.5","2022-08-13","8.05",",,W",,,"0.00",",,W,2400","0.0",",,W","0.0",",,W","67","H,,S","75",",,W","60",",,W","  210",",,W","  200",",,W","15.0",",,W","21.0",",,W",,,,,,,,,,
"USW00024233","SEATTLE TACOMA AIRPORT, WA US","47.44467","-122.31442","112.5","2022-08-14","6.71",",,W",,,"0.00",",,W,2400","0.0",",,W","0.0",",,W","67","H,,S","82",",,W","59",",,W","  360",",,W","   50",",,W","12.1",",,W","18.1",",,W",,,,,,,,,,
"USW00024233","SEATTLE TACOMA AIRPORT, WA US","47.44467","-122.31442","112.5","2022-08-15","4.47",",,W",,,"0.00",",,W,2400","0.0",",,W","0.0",",,W","70","H,,S","84",",,W","58",",,W","   30",",,W","  270",",,W","10.1",",,W","14.1",",,W",,,,,,,,,,
"USW00024233","SEATTLE TACOMA AIRPORT, WA US","47.44467","-122.31442","112.5","2022-08-16","6.93",",,W",,,"0.00",",,W,2400","0.0",",,W","0.0",",,W","68","H,,S","83",",,W","58",",,W","   30",",,W","   30",",,W","14.1",",,W","19.0",",,W","    1",",,W",,,,,,,"    1",",,W"
"USW00024233","SEATTLE TACOMA AIRPORT, WA US","47.44467","-122.31442","112.5","2022-08-17","8.05",",,W",,,"0.00",",,W,2400","0.0",",,W","0.0",",,W","74","H,,S","90",",,W","63",",,W","   20",",,W","  340",",,W","14.1",",,W","19.0",",,W",,,,,,,,,,
"USW00024233","SEATTLE TACOMA AIRPORT, WA US","47.44467","-122.31442","112.5","2022-08-18","5.37",",,W",,,"0.00",",,W,2400","0.0",",,W","0.0",",,W","78","H,,S","87",",,W","68",",,W","  300",",,W","   50",",,W","12.1",",,W","14.1",",,W",,,,,,,,,,
"USW00024233","SEATTLE TACOMA AIRPORT, WA US","47.44467","-122.31442","112.5","2022-08-19","7.38",",,W",,,"0.02",",,W,2400","0.0",",,W","0.0",",,W","74","H,,S","79",",,W","63",",,W","  230",",,W","  200",",,W","14.1",",,W","19.0",",,W",,,,,"    1",",,W",,,,
"USW00024233","SEATTLE TACOMA AIRPORT, WA US","47.44467","-122.31442","112.5","2022-08-20","6.71",",,W",,,"0.00",",,W,2400","0.0",",,W","0.0",",,W","68","H,,S","77",",,W","62",",,W","  200",",,W","  210",",,W","10.1",",,W","16.1",",,W",,,,,,,,,,
"USW00024233","SEATTLE TACOMA AIRPORT, WA US","47.44467","-122.31442","112.5","2022-08-21","4.70",",,W",,,"0.00",",,W,2400","0.0",",,W","0.0",",,W","68","H,,S","81",",,W","62",",,W","  270",",,W","  240",",,W","12.1",",,W","15.0",",,W",,,,,,,,,,
"USW00024233","SEATTLE TACOMA AIRPORT, WA US","47.44467","-122.31442","112.5","2022-08-22","4.47",",,W",,,"0.00",",,W,2400","0.0",",,W","0.0",",,W","70","H,,S","84",",,W","59",",,W","  360",",,W","   10",",,W","10.1",",,W","14.1",",,W",,,,,,,,,,
"USW00024233","SEATTLE TACOMA AIRPORT, WA US","47.44467","-122.31442","112.5","2022-08-23","6.71",",,W",,,"0.00",",,W,2400","0.0",",,W","0.0",",,W","67","H,,S","81",",,W","57",",,W","  350",",,W","  350",",,W","18.1",",,W","27.1",",,W","    1",",,W",,,,,,,,
"USW00024233","SEATTLE TACOMA AIRPORT, WA US","47.44467","-122.31442","112.5","2022-08-24","6.26",",,W",,,"0.00",",,W,2400","0.0",",,W","0.0",",,W","72","H,,S","87",",,W","59",",,W","  360",",,W","  330",",,W","14.1",",,W","23.0",",,W",,,,,,,,,,
"USW00024233","SEATTLE TACOMA AIRPORT, WA US","47.44467","-122.31442","112.5","2022-08-25","5.59",",,W",,,"0.00",",,D,2400","0.0",",,D","0.0",",,D","75","H,,S","89",",,D","60",",,D","  200",",,W","  200",",,W","13.0",",,W","16.1",",,W",,,,,,,,,,
"USW00024233","SEATTLE TACOMA AIRPORT, WA US","47.44467","-122.31442","112.5","2022-08-26","9.62",",,W",,,"0.00","T,,D,2400","0.0",",,D","0.0",",,D","67","H,,S","72",",,D","60",",,D","  220",",,W","  230",",,W","14.1",",,W","21.0",",,W","    1",",,W",,,,,,,,
"USW00024233","SEATTLE TACOMA AIRPORT, WA US","47.44467","-122.31442","112.5","2022-08-27","8.50",",,W",,,"0.00","T,,D,2400","0.0",",,D","0.0",",,D","63","H,,S","70",",,D","57",",,D","  240",",,W","  210",",,W","16.1",",,W","21.0",",,W","    1",",,W",,,,,,,,
"USW00024233","SEATTLE TACOMA AIRPORT, WA US","47.44467","-122.31442","112.5","2022-08-28","6.71",",,W",,,"0.00",",,D,2400","0.0",",,D","0.0",",,D","62","H,,S","77",",,D","53",",,D","  340",",,W","   10",",,W","14.1",",,W","18.1",",,W",,,,,,,,,,
"USW00024233","SEATTLE TACOMA AIRPORT, WA US","47.44467","-122.31442","112.5","2022-08-29","9.17",",,W",,,"0.00",",,D,2400","0.0",",,D","0.0",",,D","68","H,,S","85",",,D","56",",,D","  350",",,W","  350",",,W","17.0",",,W","21.0",",,W",,,,,,,,,,
"USW00024233","SEATTLE TACOMA AIRPORT, WA US","47.44467","-122.31442","112.5","2022-08-30","8.05",",,W",,,"0.00",",,D,2400","0.0",",,D","0.0",",,D","75","H,,S","90",",,D","62",",,D","  350",",,W","  350",",,W","14.1",",,W","19.9",",,W",,,,,,,,,,
"USW00024233","SEATTLE TACOMA AIRPORT, WA US","47.44467","-122.31442","112.5","2022-08-31","6.71",",,W",,,"0.00",",,D,2400","0.0",",,D","0.0",",,D","75","H,,S","85",",,D","60",",,D","  240",",,W","  240",",,W","16.1",",,W","21.0",",,W",,,,,,,,,,
"USW00024233","SEATTLE TACOMA AIRPORT, WA US","47.44467","-122.31442","112.5","2022-09-01","5.37",",,W",,,"0.00",",,D,2400","0.0",",,D","0.0",",,D","65","H,,S","79",",,D","58",",,D","  220",",,W","   10",",,W","10.1",",,W","13.0",",,W","    1",",,W",,,,,,,"    1",",,W"
"USW00024233","SEATTLE TACOMA AIRPORT, WA US","47.44467","-122.31442","112.5","2022-09-02","5.82",",,W",,,"0.00",",,D,2400","0.0",",,D","0.0",",,D","66","H,,S","80",",,D","56",",,D","  220",",,W","  220",",,W","14.1",",,W","18.1",",,W",,,,,,,,,,
"USW00024233","SEATTLE TACOMA AIRPORT, WA US","47.44467","-122.31442","112.5","2022-09-03","6.93",",,W",,,"0.06",",,D,2400","0.0",",,D","0.0",",,D","64","H,,S","74",",,D","57",",,D","  140",",,W","  170",",,W","13.0",",,W","18.1",",,W","    1",",,W",,,,,,,,
"USW00024233","SEATTLE TACOMA AIRPORT, WA US","47.44467","-122.31442","112.5","2022-09-04","8.05",",,W",,,"0.01",",,D,2400","0.0",",,D","0.0",",,D","66","H,,S","76",",,D","57",",,D","  250",",,W","  260",",,W","16.1",",,W","21.9",",,W",,,,,,,,,,
"USW00024233","SEATTLE TACOMA AIRPORT, WA US","47.44467","-122.31442","112.5","2022-09-05","7.16",",,W",,,"0.00",",,D,2400","0.0",",,D","0.0",",,D","64","H,,S","75",",,D","55",",,D","  340",",,W","  340",",,W","16.1",",,W","23.0",",,W",,,,,,,,,,
"USW00024233","SEATTLE TACOMA AIRPORT, WA US","47.44467","-122.31442","112.5","2022-09-06","8.50",",,W",,,"0.00",",,D,2400","0.0",",,D","0.0",",,D","65","H,,S","80",",,D","54",",,D","   30",",,W","   30",",,W","15.0",",,W","19.9",",,W",,,,,,,,,,
"USW00024233","SEATTLE TACOMA AIRPORT, WA US","47.44467","-122.31442","112.5","2022-09-07","7.61",",,W",,,"0.00",",,D,2400","0.0",",,D","0.0",",,D","68","H,,S","78",",,D","58",",,D","   10",",,W","   30",",,W","16.1",",,W","21.9",",,W",,,,,,,,,,
"USW00024233","SEATTLE TACOMA AIRPORT, WA US","47.44467","-122.31442","112.5","2022-09-08","8.72",",,W",,,"0.00",",,D,2400","0.0",",,D","0.0",",,D","64","H,,S","73",",,D","52",",,D","  360",",,W","  350",",,W","21.0",",,W","25.9",",,W",,,,,,,,,,
"USW00024233","SEATTLE TACOMA AIRPORT, WA US","47.44467","-122.31442","112.5","2022-09-09","16.11",",,W",,,"0.00",",,D,2400","0.0",",,D","0.0",",,D","64","H,,S","78",",,D","55",",,D","   10",",,W","   30",",,W","25.1",",,W","33.1",",,W",,,,,,,,,,
"USW00024233","SEATTLE TACOMA AIRPORT, WA US","47.44467","-122.31442","112.5","2022-09-10","11.18",",,W",,,"0.00",",,D,2400","0.0",",,D","0.0",",,D","71","H,,S","92",",,D","58",",,D","   30",",,W","   30",",,W","21.9",",,W","25.9",",,W",,,,,,,,,"    1",",,W"
"USW00024233","SEATTLE TACOMA AIRPORT, WA US","47.44467","-122.31442","112.5","2022-09-11","7.83",",,W",,,"0.00","T,,D,2400","0.0",",,D","0.0",",,D","71","H,,S","72",",,D","60",",,D","  150",",,W","  260",",,W","15.0",",,W","18.1",",,W",,,,,,,,,"    1",",,W"
"USW00024233","SEATTLE TACOMA AIRPORT, WA US","47.44467","-122.31442","112.5","2022-09-12","4.92",",,W",,,"0.00",",,D,2400","0.0",",,D","0.0",",,D","65","H,,S","72",",,D","60",",,D","  280",",,W","  260",",,W","12.1",",,W","17.0",",,W","    1",",,W",,,,,,,"    1",",,W"
"USW00024233","SEATTLE TACOMA AIRPORT, WA US","47.44467","-122.31442","112.5","2022-09-13","3.80",",,W",,,"0.00",",,D,2400","0.0",",,D","0.0",",,D","65","H,,S","69",",,D","59",",,D","  250",",,W","   20",",,W","8.9",",,W","13.0",",,W",,,,,,,,,,
"USW00024233","SEATTLE TACOMA AIRPORT, WA US","47.44467","-122.31442","112.5","2022-09-14","4.03",",,W",,,"0.00",",,D,2400","0.0",",,D","0.0",",,D","64","H,,S","70",",,D","58",",,D","   20",",,W","   50",",,W","12.1",",,W","14.1",",,W",,,,,,,,,"    1",",,W"
"USW00024233","SEATTLE TACOMA AIRPORT, WA US","47.44467","-122.31442","112.5","2022-09-15","4.92",",,W",,,"0.00",",,D,2400","0.0",",,D","0.0",",,D","62","H,,S","69",",,D","57",",,D","   10",",,W","   10",",,W","8.9",",,W","13.0",",,W",,,,,,,,,,
"USW00024233","SEATTLE TACOMA AIRPORT, WA US","47.44467","-122.31442","112.5","2022-09-16","6.93",",,W",,,"0.15",",,D,2400","0.0",",,D","0.0",",,D","59","H,,S","69",",,D","54",",,D","   60",",,W","   60",",,W","14.1",",,W","19.0",",,W","    1",",,W",,,,,,,,
"USW00024233","SEATTLE TACOMA AIRPORT, WA US","47.44467","-122.31442","112.5","2022-09-17","9.17",",,W",,,"0.00",",,D,2400","0.0",",,D","0.0",",,D","59","H,,S","68",",,D","51",",,D","   10",",,W","   10",",,W","18.1",",,W","25.1",",,W",,,,,,,,,,
"USW00024233","SEATTLE TACOMA AIRPORT, WA US","47.44467","-122.31442","112.5","2022-09-18","11.41",",,W",,,"0.00","T,,D,2400","0.0",",,D","0.0",",,D","60","H,,S","74",",,D","55",",,D","   20",",,W","   30",",,W","19.9",",,W","25.9",",,W",,,,,,,,,,
"USW00024233","SEATTLE TACOMA AIRPORT, WA US","47.44467","-122.31442","112.5","2022-09-19","6.04",",,W",,,"0.00",",,D,2400","0.0",",,D","0.0",",,D","63","H,,S","77",",,D","49",",,D","   40",",,W","  360",",,W","15.0",",,W","18.1",",,W",,,,,,,,,,
"USW00024233","SEATTLE TACOMA AIRPORT, WA US","47.44467","-122.31442","112.5","2022-09-20","11.86",",,W",,,"0.00",",,D,2400","0.0",",,D","0.0",",,D","66","H,,S","78",",,D","55",",,D","  350",",,W","   10",",,W","18.1",",,W","25.1",",,W",,,,,,,,,"    1",",,W"
"USW00024233","SEATTLE TACOMA AIRPORT, WA US","47.44467","-122.31442","112.5","2022-09-21","5.82",",,W",,,"0.00",",,D,2400","0.0",",,D","0.0",",,D","65","H,,S","77",",,D","50",",,D","   20",",,W","   10",",,W","15.0",",,W","21.9",",,W",,,,,,,,,"    1",",,W"
"USW00024233","SEATTLE TACOMA AIRPORT, WA US","47.44467","-122.31442","112.5","2022-09-22","12.08",",,W",,,"0.00",",,D,2400","0.0",",,D","0.0",",,D","62","H,,S","70",",,D","54",",,D","  210",",,W","  210",",,W","21.9",",,W","30.0",",,W",,,,,,,,,,
"USW00024233","SEATTLE TACOMA AIRPORT, WA US","47.44467","-122.31442","112.5","2022-09-23","5.37",",,W",,,"0.00",",,D,2400","0.0",",,D","0.0",",,D","61","H,,S","69",",,D","55",",,D","  170",",,W","  170",",,W","13.0",",,W","16.1",",,W",,,,,,,,,,
"USW00024233","SEATTLE TACOMA AIRPORT, WA US","47.44467","-122.31442","112.5","2022-09-24","6.71",",,W",,,"0.00",",,D,2400","0.0",",,D","0.0",",,D","62","H,,S","75",",,D","51",",,D","   20",",,W","   30",",,W","15.0",",,W","21.9",",,W",,,,,,,,,,
"USW00024233","SEATTLE TACOMA AIRPORT, WA US","47.44467","-122.31442","112.5","2022-09-25","7.61",",,W",,,"0.00",",,D,2400","0.0",",,D","0.0",",,D","64","H,,S","80",",,D","53",",,D","  360",",,W","   30",",,W","14.1",",,W","18.1",",,W",,,,,,,,,,
"USW00024233","SEATTLE TACOMA AIRPORT, WA US","47.44467","-122.31442","112.5","2022-09-26","3.36",",,W",,,"0.00",",,D,2400","0.0",",,D","0.0",",,D","66","H,,S","82",",,D","55",",,D","   30",",,W","   20",",,W","14.1",",,W","18.1",",,W",,,,,,,,,,
"USW00024233","SEATTLE TACOMA AIRPORT, WA US","47.44467","-122.31442","112.5","2022-09-27","5.82",",,W",,,"0.00",",,D,2400","0.0",",,D","0.0",",,D","66","H,,S","76",",,D","53",",,D","  210",",,W","  210",",,W","15.0",",,W","19.9",",,W","    1",",,W",,,,,,,"    1",",,W"
"USW00024233","SEATTLE TACOMA AIRPORT, WA US","47.44467","-122.31442","112.5","2022-09-28","5.37",",,W",,,"0.03",",,D,2400","0.0",",,D","0.0",",,D","58","H,,S","65",",,D","54",",,D","  130",",,W","  140",",,W","13.0",",,W","18.1",",,W","    1",",,W",,,,,,,,
"USW00024233","SEATTLE TACOMA AIRPORT, WA US","47.44467","-122.31442","112.5","2022-09-29","6.04",",,W",,,"0.00",",,D,2400","0.0",",,D","0.0",",,D","61","H,,S","70",",,D","56",",,D","   10",",,W","  350",",,W","15.0",",,W","19.9",",,W",,,,,,,,,,
"USW00024233","SEATTLE TACOMA AIRPORT, WA US","47.44467","-122.31442","112.5","2022-09-30","7.83",",,W",,,"0.00",",,D,2400","0.0",",,D","0.0",",,D","60","H,,S","70",",,D","53",",,D","   40",",,W","   50",",,W","13.0",",,W","18.1",",,W",,,,,,,,,,
"USW00024233","SEATTLE TACOMA AIRPORT, WA US","47.44467","-122.31442","112.5","2022-10-01","9.62",",,W",,,"0.00",",,D,2400","0.0",",,D","0.0",",,D","64","H,,S","78",",,D","54",",,D","  340",",,W","   20",",,W","16.1",",,W","21.0",",,W","    1",",,W",,,,,,,"    1",",,W"
"USW00024233","SEATTLE TACOMA AIRPORT, WA US","47.44467","-122.31442","112.5","2022-10-02","4.25",",,W",,,"0.00",",,D,2400","0.0",",,D","0.0",",,D","66","H,,S","80",",,D","55",",,D","   20",",,W","   30",",,W","14.1",",,W","18.1",",,W",,,,,,,,,"    1",",,W"
"USW00024233","SEATTLE TACOMA AIRPORT, WA US","47.44467","-122.31442","112.5","2022-10-03","3.13",",,W",,,"0.00",",,D,2400","0.0",",,D","0.0",",,D","65","H,,S","78",",,D","53",",,D","  290",",,W","  310",",,W","8.1",",,W","12.1",",,W","    1",",,W",,,,,,,"    1",",,W"
"USW00024233","SEATTLE TACOMA AIRPORT, WA US","47.44467","-122.31442","112.5","2022-10-04","5.37",",,W",,,"0.00",",,D,2400","0.0",",,D","0.0",",,D","59","H,,S","64",",,D","53",",,D","  210",",,W","  220",",,W","10.1",",,W","13.0",",,W","    1",",,W","    1",",,W",,,,,"    1",",,W"
"USW00024233","SEATTLE TACOMA AIRPORT, WA US","47.44467","-122.31442","112.5","2022-10-05","3.80",",,W",,,"0.00",",,D,2400","0.0",",,D","0.0",",,D","58","H,,S","64",",,D","53",",,D","   50",",,W","   20",",,W","8.1",",,W","13.0",",,W","    1",",,W",,,,,,,"    1",",,W"
"USW00024233","SEATTLE TACOMA AIRPORT, WA US","47.44467","-122.31442","112.5","2022-10-06","5.59",",,W",,,"0.00",",,D,2400","0.0",",,D","0.0",",,D","59","H,,S","74",",,D","53",",,D","   10",",,W","   20",",,W","14.1",",,W","18.1",",,W","    1",",,W","    1",",,W",,,,,"    1",",,W"
"USW00024233","SEATTLE TACOMA AIRPORT, WA US","47.44467","-122.31442","112.5","2022-10-07","3.80",",,W",,,"0.00",",,D,2400","0.0",",,D","0.0",",,D","63","H,,S","77",",,D","53",",,D","   10",",,W","   10",",,W","8.9",",,W","13.0",",,W","    1",",,W",,,,,,,"    1",",,W"
"USW00024233","SEATTLE TACOMA AIRPORT, WA US","47.44467","-122.31442","112.5","2022-10-08","3.58",",,W",,,"0.00",",,D,2400","0.0",",,D","0.0",",,D","64","H,,S","77",",,D","53",",,D","   10",",,W","  280",",,W","12.1",",,W","17.0",",,W","    1",",,W",,,,,,,"    1",",,W"
"USW00024233","SEATTLE TACOMA AIRPORT, WA US","47.44467","-122.31442","112.5","2022-10-09","3.80",",,W",,,"0.00",",,D,2400","0.0",",,D","0.0",",,D","62","H,,S","74",",,D","51",",,D","   30",",,W","   20",",,W","10.1",",,W","15.0",",,W","    1",",,W",,,,,,,"    1",",,W"
"USW00024233","SEATTLE TACOMA AIRPORT, WA US","47.44467","-122.31442","112.5","2022-10-10","5.82",",,W",,,"0.01",",,D,2400","0.0",",,D","0.0",",,D","61","H,,S","69",",,D","51",",,D","   40",",,W","   30",",,W","17.0",",,W","21.9",",,W","    1",",,W",,,,,,,"    1",",,W"
"USW00024233","SEATTLE TACOMA AIRPORT, WA US","47.44467","-122.31442","112.5","2022-10-11","5.82",",,W",,,"0.00","T,,D,2400","0.0",",,D","0.0",",,D","58","H,,S","68",",,D","48",",,D","   30",",,W","  270",",,W","10.1",",,W","17.0",",,W",,,,,,,,,,
"USW00024233","SEATTLE TACOMA AIRPORT, WA US","47.44467","-122.31442","112.5","2022-10-12","8.28",",,W",,,"0.00",",,D,2400","0.0",",,D","0.0",",,D","58","H,,S","69",",,D","49",",,D","   30",",,W","   20",",,W","15.0",",,W","19.9",",,W",,,,,,,,,,
"USW00024233","SEATTLE TACOMA AIRPORT, WA US","47.44467","-122.31442","112.5","2022-10-13","4.03",",,W"," 1403",",,W","0.00",",,D,2400","0.0",",,D","0.0",",,D","59","H,,S","75",",,D","48",",,D","   20",",,W","   10",",,W","8.9",",,W","13.0",",,W","    1",",,W",,,,,,,"    1",",,W"
"USW00024233","SEATTLE TACOMA AIRPORT, WA US","47.44467","-122.31442","112.5","2022-10-14","4.92",",,W",,,"0.00",",,D,2400","0.0",",,D","0.0",",,D","60","H,,S","73",",,D","48",",,D","   20",",,W","   40",",,W","14.1",",,W","16.1",",,W","    1",",,W",,,,,,,"    1",",,W"
"USW00024233","SEATTLE TACOMA AIRPORT, WA US","47.44467","-122.31442","112.5","2022-10-15","9.40",",,W",,,"0.00",",,D,2400","0.0",",,D","0.0",",,D","62","H,,S","77",",,D","54",",,D","  360",",,W","   10",",,W","16.1",",,W","21.9",",,W",,,,,,,,,"    1",",,W"
"USW00024233","SEATTLE TACOMA AIRPORT, WA US","47.44467","-122.31442","112.5","2022-10-16","6.49",",,W",,,"0.00",",,D,2400","0.0",",,D","0.0",",,D","70","H,,S","88",",,D","55",",,D","  200",",,W","  190",",,W","15.0",",,W","18.1",",,W",,,,,,,,,"    1",",,W"
